Data Source;World Development Indicators;;;;;;;;;;;;;;;;;;;;;;;;;;;;;;;;;;;;;;;;;;;;;;;;;;;;;;;;;;;;;;;;;;
;;;;;;;;;;;;;;;;;;;;;;;;;;;;;;;;;;;;;;;;;;;;;;;;;;;;;;;;;;;;;;;;;;;
Last Updated Date;06/28/2024;;;;;;;;;;;;;;;;;;;;;;;;;;;;;;;;;;;;;;;;;;;;;;;;;;;;;;;;;;;;;;;;;;
;;;;;;;;;;;;;;;;;;;;;;;;;;;;;;;;;;;;;;;;;;;;;;;;;;;;;;;;;;;;;;;;;;;
Country Name;Country Code;Indicator Name;Indicator Code;1960;1961;1962;1963;1964;1965;1966;1967;1968;1969;1970;1971;1972;1973;1974;1975;1976;1977;1978;1979;1980;1981;1982;1983;1984;1985;1986;1987;1988;1989;1990;1991;1992;1993;1994;1995;1996;1997;1998;1999;2000;2001;2002;2003;2004;2005;2006;2007;2008;2009;2010;2011;2012;2013;2014;2015;2016;2017;2018;2019;2020;2021;2022;2023
Aruba;ABW;Immunization, measles (% of children ages 12-23 months);SH.IMM.MEAS;;;;;;;;;;;;;;;;;;;;;;;;;;;;;;;;;;;;;;;;;;;;;;;;;;;;;;;;;;;;;;;;
Africa Eastern and Southern;AFE;Immunization, measles (% of children ages 12-23 months);SH.IMM.MEAS;;;;;;;;;;;;;;;;;;;;;9.153773577;16.91513865;19.590345;31.51706898;35.45395648;40.38113979;45.25208289;49.18869841;52.65272709;57.26622469;59.23386173;53.85271374;53.90161048;56.31263788;61.136734;58.08466673;59.76517877;59.04683772;56.99229808;53.58816537;57.68749497;58.0629549;59.99886996;61.63824097;63.42400994;63.56066769;66.56850784;70.20684058;70.69561863;73.38480915;75.93223732;76.17639583;77.1432411;75.81365992;76.11734279;74.9653876;73.32425891;74.01455912;74.07487103;74.86177552;73.245501;69.44770462;70.70080827;
Afghanistan;AFG;Immunization, measles (% of children ages 12-23 months);SH.IMM.MEAS;;;;;;;;;;;;;;;;;;;;;11;;8;9;14;14;14;31;34;22;20;19;22;25;40;41;42;38;31;31;27;37;35;39;48;50;53;55;59;60;62;64;59;57;60;62;64;67;71;64;66;63;68;
Africa Western and Central;AFW;Immunization, measles (% of children ages 12-23 months);SH.IMM.MEAS;;;;;;;;;;;;;;;;;;;;;2.213358311;5.307883289;6.009826929;5.844994838;12.40516734;21.4825439;31.06692924;35.90876255;42.50064785;51.95336468;52.89060866;52.74490368;44.86959629;43.34664259;44.58706977;48.14245504;44.87568085;44.89000263;43.73817927;44.40773461;44.60798582;44.60071273;44.83469348;48.64242374;51.13609795;55.32608932;57.49449169;56.98367866;62.24778542;68.41093266;65.42878191;61.64170836;60.47677041;59.79865454;59.1393375;58.79737031;61.46061109;64.22396413;64.71459409;65.7517654;65.44002821;66.64636102;65.78037582;
Angola;AGO;Immunization, measles (% of children ages 12-23 months);SH.IMM.MEAS;;;;;;;;;;;;;;;;;;;;;;;;26;35;44;44;55;56;48;38;39;39;47;44;46;62;78;59;40;32;60;59;44;43;21;21;58;48;46;62;57;65;59;56;51;45;42;50;51;44;36;37;
Albania;ALB;Immunization, measles (% of children ages 12-23 months);SH.IMM.MEAS;;;;;;;;;;;;;;;;;;;;;90;90;93;96;96;96;96;96;96;96;88;80;87;76;90;91;92;95;89;85;95;95;96;93;96;97;95;97;98;97;99;99;98;99;98;97;96;96;94;95;91;87;86;
Andorra;AND;Immunization, measles (% of children ages 12-23 months);SH.IMM.MEAS;;;;;;;;;;;;;;;;;;;;;;;;;;;;;;;;;;;;;;90;90;97;97;97;98;96;98;94;91;94;98;98;99;99;98;95;96;96;97;99;99;99;98;99;98;
Arab World;ARB;Immunization, measles (% of children ages 12-23 months);SH.IMM.MEAS;;;;;;;;;;;;;;;;;;;;;14.74424951;15.92309373;22.64685235;26.07573177;31.64997204;52.73491455;58.18849264;61.95595012;70.53616432;76.38828085;76.99882999;76.55556919;75.31020363;75.96051865;75.50183743;77.1372226;79.65227754;79.27290642;81.75114843;81.94078363;81.88447513;81.42912819;81.48898216;81.70311118;82.32138645;82.49180527;81.98447375;83.44402689;83.0656423;85.47168042;86.88442702;86.9119682;84.0487164;85.16796313;83.91296498;84.00383158;86.24654462;85.68610846;84.60705446;84.73178876;82.64573504;82.21116428;83.01954621;
United Arab Emirates;ARE;Immunization, measles (% of children ages 12-23 months);SH.IMM.MEAS;;;;;;;;;;;;;;;;;;;;;34;42;41;51;53;60;67;71;74;78;80;82;85;90;90;90;90;95;95;96;94;94;94;94;94;92;92;92;92;93;94;95;96;98;99;99;99;99;99;99;99;99;98;
Argentina;ARG;Immunization, measles (% of children ages 12-23 months);SH.IMM.MEAS;;;;;;;;;;;;;;;;;;;;;61;77;67;67;79;54;87;80;87;89;93;99;92;95;96;99;99;93;95;97;91;89;95;97;99;98;97;94;96;96;95;95;94;94;95;89;90;89;94;86;77;86;83;
Armenia;ARM;Immunization, measles (% of children ages 12-23 months);SH.IMM.MEAS;;;;;;;;;;;;;;;;;;;;;;;;;;;;;;;;;93;95;95;96;89;92;94;92;92;93;91;94;92;94;92;92;94;96;97;97;97;97;97;97;97;96;95;95;94;94;95;
American Samoa;ASM;Immunization, measles (% of children ages 12-23 months);SH.IMM.MEAS;;;;;;;;;;;;;;;;;;;;;;;;;;;;;;;;;;;;;;;;;;;;;;;;;;;;;;;;;;;;;;;;
Antigua and Barbuda;ATG;Immunization, measles (% of children ages 12-23 months);SH.IMM.MEAS;;;;;;;;;;;;;;;;;;;;;;;;48;73;69;80;89;95;95;89;87;99;99;91;93;99;93;99;99;95;97;99;99;97;99;99;99;99;99;98;99;98;96;93;91;88;99;96;93;89;85;99;
Australia;AUS;Immunization, measles (% of children ages 12-23 months);SH.IMM.MEAS;;;;;;;;;;;;;;;;;;;;;;;;68;68;68;68;68;77;85;86;86;86;86;86;87;87;85;82;88;91;92;94;94;94;94;94;94;94;94;94;94;94;94;94;95;95;94;94;94;93;93;96;
Austria;AUT;Immunization, measles (% of children ages 12-23 months);SH.IMM.MEAS;;;;;;;;;;;;;;;;;;;;;;25;25;25;30;40;60;60;60;60;60;60;60;60;60;60;87;90;78;65;75;79;78;79;74;75;80;79;83;76;80;84;88;92;96;96;95;96;94;95;95;99;95;
Azerbaijan;AZE;Immunization, measles (% of children ages 12-23 months);SH.IMM.MEAS;;;;;;;;;;;;;;;;;;;;;;;;;;;;;;;;;52;49;60;64;65;66;67;68;67;68;66;67;67;67;69;75;79;85;89;92;94;98;98;98;98;98;96;98;82;93;93;
Burundi;BDI;Immunization, measles (% of children ages 12-23 months);SH.IMM.MEAS;;;;;;;;;;;;;;;;;;;;;;28;40;54;27;32;59;54;46;73;74;74;69;69;42;80;79;77;68;70;72;73;75;76;78;87;92;88;84;91;92;93;93;98;94;93;93;90;88;92;90;90;89;
Belgium;BEL;Immunization, measles (% of children ages 12-23 months);SH.IMM.MEAS;;;;;;;;;;;;;;;;;;;;;;50;58;66;74;82;90;50;75;75;85;67;87;70;78;85;73;76;80;82;82;82;82;82;82;88;92;92;93;95;95;95;96;96;96;96;96;96;96;96;96;96;96;
Benin;BEN;Immunization, measles (% of children ages 12-23 months);SH.IMM.MEAS;;;;;;;;;;;;;;;;;;;;;;;;;;23;20;26;30;48;79;60;70;67;78;65;60;66;67;69;70;68;66;65;63;61;66;70;66;71;68;70;74;68;65;67;68;68;68;68;65;68;68;
Burkina Faso;BFA;Immunization, measles (% of children ages 12-23 months);SH.IMM.MEAS;;;;;;;;;;;;;;;;;;;;;;;;;;38;40;37;52;66;79;69;60;50;45;43;40;41;24;36;48;63;64;76;78;84;88;94;94;94;92;89;87;82;88;88;88;88;88;88;88;88;88;
Bangladesh;BGD;Immunization, measles (% of children ages 12-23 months);SH.IMM.MEAS;;;;;;;;;;;;;;;;;;;;;;;1;1;1;1;3;6;13;53;65;68;69;74;78;79;69;72;71;71;74;77;75;76;81;88;83;89;92;93;88;93;88;91;94;97;97;97;97;97;97;97;97;
Bulgaria;BGR;Immunization, measles (% of children ages 12-23 months);SH.IMM.MEAS;;;;;;;;;;;;;;;;;;;;;98;98;90;98;98;99;99;99;99;99;99;98;92;88;93;94;95;93;95;96;89;90;92;96;95;96;96;96;96;96;97;95;94;95;93;92;92;94;93;95;88;89;91;
Bahrain;BHR;Immunization, measles (% of children ages 12-23 months);SH.IMM.MEAS;;;;;;;;;;;;;;;;;;;;;45;50;54;59;65;78;78;78;78;85;87;88;87;90;93;95;95;94;99;94;98;98;99;99;99;99;99;99;99;99;99;99;99;99;99;99;99;99;99;99;99;99;99;
Bahamas; The;BHS;Immunization, measles (% of children ages 12-23 months);SH.IMM.MEAS;;;;;;;;;;;;;;;;;;;;;;;65;66;63;79;85;87;78;87;86;93;94;88;88;90;92;93;92;86;93;94;94;90;89;85;88;96;90;98;94;90;91;92;92;94;89;90;89;83;87;82;80
Bosnia and Herzegovina;BIH;Immunization, measles (% of children ages 12-23 months);SH.IMM.MEAS;;;;;;;;;;;;;;;;;;;;;;;;;;;;;;;;;52;48;57;53;70;86;84;83;80;92;89;84;88;90;85;96;84;93;91;89;94;92;89;83;68;69;68;65;61;61;58;
Belarus;BLR;Immunization, measles (% of children ages 12-23 months);SH.IMM.MEAS;;;;;;;;;;;;;;;;;;;;;;;;;;;;;;;;;94;96;97;93;96;97;98;98;98;99;99;99;99;99;97;99;99;99;99;99;98;99;99;99;98;97;98;98;97;98;98;
Belize;BLZ;Immunization, measles (% of children ages 12-23 months);SH.IMM.MEAS;;;;;;;;;;;;;;;;;;;;;21;40;51;43;43;49;85;53;59;71;86;76;69;80;82;83;81;85;84;82;96;94;88;96;97;95;99;96;96;97;98;98;96;99;95;96;95;90;97;96;82;79;81;
Bermuda;BMU;Immunization, measles (% of children ages 12-23 months);SH.IMM.MEAS;;;;;;;;;;;;;;;;;;;;;;;;;;;;;;;;;;;;;;;;;;;;;;;;;;;;;;;;;;;;;;;;
Bolivia;BOL;Immunization, measles (% of children ages 12-23 months);SH.IMM.MEAS;;;;;;;;;;;;;;;;;;;;;13;17;15;13;20;21;55;57;58;59;53;54;57;57;64;58;61;51;65;79;84;88;91;96;90;89;88;86;92;93;88;96;92;87;89;95;94;83;89;79;74;75;69;
Brazil;BRA;Immunization, measles (% of children ages 12-23 months);SH.IMM.MEAS;;;;;;;;;;;;;;;;;;;;;57;73;66;68;73;67;67;64;62;60;78;85;91;85;77;87;80;99;95;99;99;99;96;97;97;98;99;99;99;99;99;99;99;98;97;96;95;87;92;91;79;73;81;
Barbados;BRB;Immunization, measles (% of children ages 12-23 months);SH.IMM.MEAS;;;;;;;;;;;;;;;;;;;;;41;47;53;55;84;88;84;85;84;85;87;92;90;92;97;92;99;92;97;86;94;93;91;90;98;93;92;75;94;94;85;93;90;87;95;96;92;92;85;92;89;77;85;
Brunei Darussalam;BRN;Immunization, measles (% of children ages 12-23 months);SH.IMM.MEAS;;;;;;;;;;;;;;;;;;;;;73;80;88;94;90;98;99;99;99;99;99;96;92;99;99;99;99;98;99;94;99;99;99;98;99;98;97;97;99;99;94;91;95;96;97;96;98;97;99;97;99;99;97;
Bhutan;BTN;Immunization, measles (% of children ages 12-23 months);SH.IMM.MEAS;;;;;;;;;;;;;;;;;;;;;21;21;20;21;36;44;51;58;64;79;93;89;86;84;81;85;85;84;71;77;78;78;78;88;87;93;90;95;99;94;95;95;95;94;97;97;97;97;97;97;93;97;97;
Botswana;BWA;Immunization, measles (% of children ages 12-23 months);SH.IMM.MEAS;;;;;;;;;;;;;;;;;;;;;63;70;75;79;82;85;91;87;87;87;87;88;88;88;88;89;89;89;89;90;91;91;92;92;93;93;94;95;95;96;96;97;97;97;97;97;97;97;97;97;87;97;90;
Central African Republic;CAF;Immunization, measles (% of children ages 12-23 months);SH.IMM.MEAS;;;;;;;;;;;;;;;;;;;;;12;15;16;16;19;23;24;17;40;69;82;57;32;42;52;46;44;42;37;37;36;35;42;49;55;62;61;59;58;56;53;49;48;25;47;46;45;41;41;41;41;41;41;
Canada;CAN;Immunization, measles (% of children ages 12-23 months);SH.IMM.MEAS;;;;;;;;;;;;;;;;;;;;;;;;;;;;70;85;87;89;92;94;96;97;96;97;96;96;96;96;95;95;95;94;94;93;94;93;91;90;88;89;90;90;89;89;90;90;90;90;90;92;
Central Europe and the Baltics;CEB;Immunization, measles (% of children ages 12-23 months);SH.IMM.MEAS;;;;;;;;;;;;;;;;;;;;;66.88790363;67.79192074;67.1462547;91.90776618;92.80925945;92.31779163;90.43163924;93.87928477;90.81665309;94.29504556;94.8905012;94.35974605;92.10703676;88.52978351;94.25684078;94.96278385;96.10965703;96.28983728;96.55662932;97.16421975;96.68526295;96.84930451;97.49120724;97.06697079;97.09735416;97.43750655;97.37731268;97.56576307;97.27434992;97.21978091;97.15577307;96.53009256;96.57609633;96.34531858;95.18122968;94.07436927;93.70886796;93.09567419;93.40029557;93.17144224;87.50659456;84.20511236;83.30595196;
Switzerland;CHE;Immunization, measles (% of children ages 12-23 months);SH.IMM.MEAS;;;;;;;;;;;;;;;;;;;;;;;;;;;70;70;70;90;90;83;83;83;83;83;83;83;81;82;82;82;82;82;82;87;87;87;92;92;92;93;93;93;94;94;94;95;95;95;97;95;96;
Channel Islands;CHI;Immunization, measles (% of children ages 12-23 months);SH.IMM.MEAS;;;;;;;;;;;;;;;;;;;;;;;;;;;;;;;;;;;;;;;;;;;;;;;;;;;;;;;;;;;;;;;;
Chile;CHL;Immunization, measles (% of children ages 12-23 months);SH.IMM.MEAS;;;;;;;;;;;;;;;;;;;;;94;95;96;95;94;92;91;92;95;92;97;99;89;94;96;97;93;96;98;94;97;96;95;96;94;90;91;92;96;93;93;91;90;90;97;96;93;93;93;95;91;92;94;
China;CHN;Immunization, measles (% of children ages 12-23 months);SH.IMM.MEAS;;;;;;;;;;;;;;;;;;;;;;;;78;84;88;63;77;95;95;98;92;87;81;75;80;84;83;83;84;84;85;85;85;86;86;93;94;97;99;99;99;99;99;99;99;99;99;99;99;99;99;99;
Cote d'Ivoire;CIV;Immunization, measles (% of children ages 12-23 months);SH.IMM.MEAS;;;;;;;;;;;;;;;;;;;;;;;;;31;31;31;30;31;41;56;57;54;52;55;57;65;68;66;57;68;71;71;70;78;84;73;67;63;67;64;49;74;69;59;67;73;70;75;73;66;68;65;
Cameroon;CMR;Immunization, measles (% of children ages 12-23 months);SH.IMM.MEAS;;;;;;;;;;;;;;;;;;;;;;16;21;25;31;39;44;44;48;56;56;48;37;32;38;46;39;43;47;46;49;51;53;61;64;68;73;74;80;74;79;76;82;83;78;74;71;65;59;60;62;62;65;
Congo; Dem. Rep.;COD;Immunization, measles (% of children ages 12-23 months);SH.IMM.MEAS;;;;;;;;;;;;;;;;;;;;;18;23;25;30;30;40;39;41;44;41;38;17;25;33;39;27;21;20;20;15;46;35;42;49;57;61;63;64;64;65;66;66;69;68;69;65;63;65;64;65;62;55;56
Congo; Rep.;COG;Immunization, measles (% of children ages 12-23 months);SH.IMM.MEAS;;;;;;;;;;;;;;;;;;;;;49;49;55;59;52;67;69;69;73;75;75;64;60;55;47;38;42;18;21;23;34;35;37;50;65;54;61;59;69;63;75;83;80;80;80;80;67;70;75;73;68;68;65
Colombia;COL;Immunization, measles (% of children ages 12-23 months);SH.IMM.MEAS;;;;;;;;;;;;;;;;;;;;;13;26;28;43;51;51;45;59;74;81;82;78;74;94;84;95;90;80;78;79;88;93;93;93;92;94;95;95;92;95;88;88;94;92;91;94;93;93;95;95;90;86;88;
Comoros;COM;Immunization, measles (% of children ages 12-23 months);SH.IMM.MEAS;;;;;;;;;;;;;;;;;;;;;;;;;42;18;71;71;40;85;87;40;51;56;59;69;43;49;67;69;70;70;71;67;76;67;66;65;76;79;72;79;85;85;86;90;90;90;90;90;90;90;86;
Cabo Verde;CPV;Immunization, measles (% of children ages 12-23 months);SH.IMM.MEAS;;;;;;;;;;;;;;;;;;;;;;;;;;54;58;75;80;84;79;76;82;88;87;85;84;83;84;85;86;88;89;90;91;92;94;95;96;97;97;96;91;91;93;92;93;96;99;98;95;95;95;
Costa Rica;CRI;Immunization, measles (% of children ages 12-23 months);SH.IMM.MEAS;;;;;;;;;;;;;;;;;;;;;60;79;87;84;76;78;90;93;97;77;90;96;92;89;87;91;84;99;83;88;82;82;94;89;88;89;90;90;89;81;83;83;90;91;95;93;93;96;94;95;95;89;90;
Caribbean small states;CSS;Immunization, measles (% of children ages 12-23 months);SH.IMM.MEAS;;;;;;;;;;;;;;;;;;;;;4.879008532;13.33779797;47.42729503;52.35426185;63.38737292;60.72152107;69.4392717;68.47433415;70.47627357;77.89973383;78.22051053;84.74682358;76.3983335;85.60574228;84.45756235;85.06153808;90.6416206;86.26361898;90.64279519;87.28119956;89.44291515;91.13043965;89.36993936;87.24508898;90.39097291;92.36100316;90.92682079;92.56757405;93.31225307;95.38533687;93.32773234;92.402753;89.27369555;93.32025509;90.77353926;92.60472335;91.60602031;89.85980382;90.34921313;88.18354097;81.25319058;80.24113803;84.90054361;
Cuba;CUB;Immunization, measles (% of children ages 12-23 months);SH.IMM.MEAS;;;;;;;;;;;;;;;;;;;;;48;49;55;94;82;85;80;99;89;98;94;99;99;96;99;99;99;96;99;96;94;96;98;99;99;98;96;97;98;99;99;99;99;99;99;99;99;99;99;99;98;99;99;
Curacao;CUW;Immunization, measles (% of children ages 12-23 months);SH.IMM.MEAS;;;;;;;;;;;;;;;;;;;;;;;;;;;;;;;;;;;;;;;;;;;;;;;;;;;;;;;;;;;;;;;;
Cayman Islands;CYM;Immunization, measles (% of children ages 12-23 months);SH.IMM.MEAS;;;;;;;;;;;;;;;;;;;;;;;;;;;;;;;;;;;;;;;;;;;;;;;;;;;;;;;;;;;;;;;;
Cyprus;CYP;Immunization, measles (% of children ages 12-23 months);SH.IMM.MEAS;;;;;;;;;;;;;;;;;;;;;29;28;21;19;25;43;60;91;74;76;77;78;80;81;82;83;90;90;89;87;86;86;86;86;86;86;87;87;87;87;87;87;86;86;86;90;90;90;90;86;86;86;86;
Czechia;CZE;Immunization, measles (% of children ages 12-23 months);SH.IMM.MEAS;;;;;;;;;;;;;;;;;;;;;;;;;;;;;;;;;;98;97;96;97;96;95;97;97;97;98;97;97;97;97;98;97;98;98;98;98;99;99;99;98;97;96;92;94;97;97;
Germany;DEU;Immunization, measles (% of children ages 12-23 months);SH.IMM.MEAS;;;;;;;;;;;;;;;;;;;;;25;50;50;47;48;50;70;75;75;75;75;75;75;89;90;92;91;91;92;92;92;94;94;95;96;96;96;97;97;97;97;97;97;97;97;97;97;97;97;97;97;97;97;
Djibouti;DJI;Immunization, measles (% of children ages 12-23 months);SH.IMM.MEAS;;;;;;;;;;;;;;;;;;;;;;;15;18;20;27;19;22;68;75;85;53;41;41;42;41;41;31;21;23;50;49;62;66;60;65;67;74;73;84;85;84;83;80;71;74;75;81;86;83;62;50;50;
Dominica;DMA;Immunization, measles (% of children ages 12-23 months);SH.IMM.MEAS;;;;;;;;;;;;;;;;;;;;;;;43;63;85;93;97;87;90;88;88;98;99;99;99;99;99;99;98;99;99;99;99;99;99;98;97;96;99;99;99;99;99;93;94;96;96;77;84;92;92;88;83;
Denmark;DNK;Immunization, measles (% of children ages 12-23 months);SH.IMM.MEAS;;;;;;;;;;;;;;;;;;;;;;;;;;;;82;72;80;84;86;85;81;88;88;85;84;91;92;99;94;95;96;96;95;90;89;87;84;85;87;90;89;90;91;94;97;95;96;94;95;95;
Dominican Republic;DOM;Immunization, measles (% of children ages 12-23 months);SH.IMM.MEAS;;;;;;;;;;;;;;;;;;;;;30;18;25;24;19;54;71;71;29;65;70;72;73;75;76;78;79;79;80;83;85;88;86;83;81;79;81;82;83;84;85;87;88;83;88;90;85;86;91;96;82;88;91;
Algeria;DZA;Immunization, measles (% of children ages 12-23 months);SH.IMM.MEAS;;;;;;;;;;;;;;;;;;;;;;;;;;68;67;73;81;82;83;85;86;87;88;89;90;92;84;83;80;83;81;84;81;83;91;92;88;92;95;95;95;95;95;95;94;88;80;80;80;79;79;
East Asia & Pacific (excluding high income);EAP;Immunization, measles (% of children ages 12-23 months);SH.IMM.MEAS;;;;;;;;;;;;;;;;;;;;;0.382391791;0.422825695;0.890329378;54.36661068;60.38877267;66.03192445;55.31973956;67.08758526;82.58409629;85.2742224;89.47115545;85.93520464;82.53754066;78.74384576;75.31059462;77.94833959;82.76071498;81.90359632;82.40151644;83.10506558;82.81699867;83.43235825;82.94134155;83.67204519;85.56527751;85.63840353;89.74279085;89.3650998;91.62805755;92.91139211;93.57348069;93.74748837;93.77157615;94.76353408;94.46949525;94.36526496;94.73117711;94.532023;94.62716617;93.67631004;91.32614989;85.59459295;88.70886073;
Early-demographic dividend;EAR;Immunization, measles (% of children ages 12-23 months);SH.IMM.MEAS;;;;;;;;;;;;;;;;;;;;;7.765522306;9.420233838;11.18302118;13.58105946;16.53752281;23.70226776;30.33512766;37.64064706;45.44043859;54.29326814;62.62510826;57.28748211;61.50945297;65.35001303;70.16863775;71.14066421;70.77690236;66.42071915;66.4785462;67.6780896;67.81041595;68.3533134;67.35251829;69.65778498;72.11518809;74.40689262;75.31505244;75.94528546;77.01387162;79.93449577;81.83190112;83.61091101;82.73053689;83.0627769;84.22229982;85.57969282;86.33626955;86.37455683;87.78503154;87.82825809;84.86675141;83.08407806;86.61166979;
East Asia & Pacific;EAS;Immunization, measles (% of children ages 12-23 months);SH.IMM.MEAS;;;;;;;;;;;;;;;;;;;;;4.017409961;3.808391745;3.957889212;54.66034937;60.99266723;66.81981549;56.80668921;67.67908578;82.11135269;85.16234613;88.98406226;85.61315331;82.336531;78.72324013;75.99697741;78.92938509;83.38308211;82.50520973;82.95639433;83.77443982;83.67796427;84.34686135;83.91133329;84.55198963;86.348513;86.39556181;90.17744044;89.67263992;91.77078457;92.95705521;93.6524937;93.8353405;93.92309719;94.81956304;94.63786895;94.47082715;94.81392586;94.63415486;94.73056964;93.79828905;91.63124256;86.14837981;89.22602307;
Europe & Central Asia (excluding high income);ECA;Immunization, measles (% of children ages 12-23 months);SH.IMM.MEAS;;;;;;;;;;;;;;;;;;;;;;;;;;;;;;;;;79.71040726;79.819022;80.2217671;80.47176617;83.74045325;87.6603389;87.92044607;88.39745157;91.22237793;92.89213664;89.09337328;86.90376064;89.66699251;93.19934659;95.42008437;95.41025789;95.46706297;92.80932772;91.47081559;93.61535156;94.07918176;94.95818313;91.10654399;92.34982808;91.0868422;95.50650284;95.54042878;96.48631936;93.36492303;94.72654618;93.92922217;
Europe & Central Asia;ECS;Immunization, measles (% of children ages 12-23 months);SH.IMM.MEAS;;;;;;;;;;;;;;;;;;;;;;;;;;;;;;;;;81.26367033;82.71154237;82.70090433;83.90489611;86.20057989;88.08474245;88.1325246;89.54375807;90.78828959;91.64900021;90.89483328;90.39301004;91.53348067;93.05148768;94.37208935;94.67615969;94.75675092;93.68651949;93.39389488;94.23080403;94.76102072;95.02141231;93.53759411;93.80764986;93.30443407;95.1518007;95.20182272;95.6253065;93.73662053;93.94210325;93.32342484;
Ecuador;ECU;Immunization, measles (% of children ages 12-23 months);SH.IMM.MEAS;;;;;;;;;;;;;;;;;;;;;24;31;45;34;54;51;50;47;53;57;60;54;69;85;83;81;79;77;89;99;99;99;99;99;99;93;97;98;98;97;95;94;96;97;85;84;86;81;83;83;81;65;74;
Egypt; Arab Rep.;EGY;Immunization, measles (% of children ages 12-23 months);SH.IMM.MEAS;;;;;;;;;;;;;;;;;;;;;41;41;41;41;47;74;78;76;85;86;86;89;89;89;89;89;92;92;98;96;98;97;97;98;97;98;98;97;92;95;96;96;93;96;93;92;95;94;94;95;94;96;96
Euro area;EMU;Immunization, measles (% of children ages 12-23 months);SH.IMM.MEAS;;;;;;;;;;;;;;;;;;;;;12.25602161;22.56242299;26.07037301;31.21049095;41.08119081;47.70491178;53.72654242;57.32005704;59.87492922;63.34798114;73.50880791;73.42212476;75.08345317;77.32533344;79.92803727;81.42561592;83.62690287;84.03610736;83.63945749;86.07518166;86.91955725;88.42603862;89.50362028;90.88610936;91.46179684;91.55410433;92.70245439;93.4162831;93.54884064;93.41666403;93.25921832;93.4905903;94.05713592;93.69546859;93.57607488;93.21376761;93.31346644;94.25162254;94.45289721;95.09632968;94.98279772;95.01431228;94.77961446;
Eritrea;ERI;Immunization, measles (% of children ages 12-23 months);SH.IMM.MEAS;;;;;;;;;;;;;;;;;;;;;;;;;;;;;;;;;;34;51;58;66;73;79;88;76;84;83;92;96;95;94;92;91;93;95;96;98;94;90;97;95;93;93;93;93;93;93;
Spain;ESP;Immunization, measles (% of children ages 12-23 months);SH.IMM.MEAS;;;;;;;;;;;;;;;;;;;;;;8;27;40;68;79;83;85;84;97;99;85;83;90;90;90;90;93;93;95;94;96;97;98;97;97;97;97;98;98;95;97;97;95;96;96;97;98;98;98;96;95;96;
Estonia;EST;Immunization, measles (% of children ages 12-23 months);SH.IMM.MEAS;;;;;;;;;;;;;;;;;;;;;;;;;;;;;;;;;;74;76;81;86;88;89;92;93;95;95;95;96;96;96;96;95;95;95;94;94;94;93;93;93;93;87;88;91;89;82;
Ethiopia;ETH;Immunization, measles (% of children ages 12-23 months);SH.IMM.MEAS;;;;;;;;;;;;;;;;;;;;;4;3;7;7;8;12;10;13;15;23;38;17;12;22;54;38;54;51;44;37;36;35;36;35;35;40;44;49;54;59;64;68;62;55;54;56;57;59;55;58;60;54;56;
European Union;EUU;Immunization, measles (% of children ages 12-23 months);SH.IMM.MEAS;;;;;;;;;;;;;;;;;;;;;27.72601521;35.32897978;37.51646002;47.53945092;55.0251951;59.76524884;63.53945936;67.84685343;68.62665636;71.86483128;79.36752898;79.15347026;79.9633826;81.90770369;83.89777296;85.06905568;86.72220805;86.99138115;86.67918394;88.49947732;89.16338479;90.29559638;91.28086035;92.25468661;92.69706794;92.84977807;93.68683057;94.24957321;94.26587265;94.19181327;94.0745836;94.14402085;94.65472252;94.28408304;93.95048338;93.47509215;93.52944528;94.11244931;94.29360603;94.71257609;93.23699588;92.52686005;91.93798601;
Fragile and conflict affected situations;FCS;Immunization, measles (% of children ages 12-23 months);SH.IMM.MEAS;;;;;;;;;;;;;;;;;;;;;6.149959395;9.563608191;12.21624415;13.04374386;16.78129777;25.31678092;30.42746029;34.7123726;41.98322954;49.98073341;53.70775365;47.86936766;44.71268231;46.23820695;52.46672334;50.59284776;51.06411675;50.67920415;50.33798787;48.88396796;50.95411955;49.9845821;50.13981419;52.74575135;55.36208057;57.97547877;59.64606458;60.51895681;65.0932999;69.0190158;68.42820724;67.64443342;65.10700059;64.11607768;63.66835874;63.11791971;64.46676926;67.03884091;66.67564566;67.49131364;66.98278052;64.0179303;65.27275966;
Finland;FIN;Immunization, measles (% of children ages 12-23 months);SH.IMM.MEAS;;;;;;;;;;;;;;;;;;;;;;70;75;81;83;85;87;92;98;95;97;97;99;99;99;98;98;96;96;96;96;96;96;97;97;97;97;98;97;98;98;97;97;97;96;95;94;94;96;96;95;93;94;
Fiji;FJI;Immunization, measles (% of children ages 12-23 months);SH.IMM.MEAS;;;;;;;;;;;;;;;;;;;;;32;40;2;25;22;57;61;64;69;65;84;93;91;96;96;94;94;75;77;79;81;83;85;86;88;90;92;94;95;95;96;96;98;94;99;97;97;99;95;96;96;99;99;
France;FRA;Immunization, measles (% of children ages 12-23 months);SH.IMM.MEAS;;;;;;;;;;;;;;;;;;;;;;;;15;26;35;39;45;51;58;71;74;76;78;80;83;84;83;82;83;84;85;86;87;88;87;89;90;89;89;89;89;91;90;91;91;90;90;90;92;94;94;94;
Faroe Islands;FRO;Immunization, measles (% of children ages 12-23 months);SH.IMM.MEAS;;;;;;;;;;;;;;;;;;;;;;;;;;;;;;;;;;;;;;;;;;;;;;;;;;;;;;;;;;;;;;;;
Micronesia; Fed. Sts.;FSM;Immunization, measles (% of children ages 12-23 months);SH.IMM.MEAS;;;;;;;;;;;;;;;;;;;;;;;;;;;;69;84;94;81;76;78;80;83;90;82;74;82;79;85;84;88;91;85;96;83;92;86;86;80;92;91;91;83;74;70;76;73;78;79;64;69
Gabon;GAB;Immunization, measles (% of children ages 12-23 months);SH.IMM.MEAS;;;;;;;;;;;;;;;;;;;;;;;;;;58;66;67;68;76;76;71;66;63;60;57;57;56;56;55;55;55;55;55;55;55;55;62;67;63;62;72;71;70;61;68;64;63;59;62;53;64;52;
United Kingdom;GBR;Immunization, measles (% of children ages 12-23 months);SH.IMM.MEAS;;;;;;;;;;;;;;;;;;;;;53;55;58;60;63;68;71;76;80;84;87;90;92;91;91;92;92;91;87;88;88;85;85;82;81;82;85;86;86;86;89;90;92;93;93;93;92;92;92;91;91;91;90;
Georgia;GEO;Immunization, measles (% of children ages 12-23 months);SH.IMM.MEAS;;;;;;;;;;;;;;;;;;;;;;;;;;;;;;;;;16;61;63;61;65;69;73;76;73;74;75;76;86;90;96;97;97;83;94;91;93;97;92;96;93;95;98;99;91;90;90;
Ghana;GHA;Immunization, measles (% of children ages 12-23 months);SH.IMM.MEAS;;;;;;;;;;;;;;;;;;;;;16;23;21;16;10;21;31;51;59;65;61;63;64;66;68;70;71;73;78;81;90;78;78;80;83;83;85;95;86;93;93;91;88;89;92;89;89;95;92;92;88;94;95;
Gibraltar;GIB;Immunization, measles (% of children ages 12-23 months);SH.IMM.MEAS;;;;;;;;;;;;;;;;;;;;;;;;;;;;;;;;;;;;;;;;;;;;;;;;;;;;;;;;;;;;;;;;
Guinea;GIN;Immunization, measles (% of children ages 12-23 months);SH.IMM.MEAS;;;;;;;;;;;;;;;;;;;;;;15;34;30;29;29;28;28;27;27;35;42;52;55;58;61;61;56;52;40;42;44;46;48;50;51;51;57;55;53;58;62;58;54;50;47;47;47;47;47;47;47;47;
Gambia; The;GMB;Immunization, measles (% of children ages 12-23 months);SH.IMM.MEAS;;;;;;;;;;;;;;;;;;;;;69;70;71;70;79;75;62;88;80;85;86;87;83;87;89;91;94;91;90;90;89;89;90;90;92;91;89;88;92;96;92;91;95;96;96;97;97;90;91;85;82;79;74
Guinea-Bissau;GNB;Immunization, measles (% of children ages 12-23 months);SH.IMM.MEAS;;;;;;;;;;;;;;;;;;;;;;;;27;31;35;59;68;52;65;53;52;60;68;68;45;49;51;61;70;71;72;73;74;75;76;74;73;71;69;76;83;81;81;81;80;80;66;79;79;72;63;75;
Equatorial Guinea;GNQ;Immunization, measles (% of children ages 12-23 months);SH.IMM.MEAS;;;;;;;;;;;;;;;;;;;;;;;;;;11;17;32;46;18;88;85;82;79;80;81;81;82;82;51;50;50;49;48;48;47;47;46;45;45;44;46;49;51;53;50;53;53;53;53;53;53;53;
Greece;GRC;Immunization, measles (% of children ages 12-23 months);SH.IMM.MEAS;;;;;;;;;;;;;;;;;;;;;;;;;75;77;39;81;82;76;76;72;72;72;70;70;90;90;89;88;89;91;92;94;95;96;98;99;99;99;99;99;99;99;97;97;97;97;97;97;97;97;97;
Grenada;GRD;Immunization, measles (% of children ages 12-23 months);SH.IMM.MEAS;;;;;;;;;;;;;;;;;;;;;;;5;7;31;49;62;77;48;89;85;96;73;99;87;88;85;92;97;94;92;99;96;99;74;99;98;98;99;98;95;95;94;94;94;99;95;85;84;94;83;70;76;
Greenland;GRL;Immunization, measles (% of children ages 12-23 months);SH.IMM.MEAS;;;;;;;;;;;;;;;;;;;;;;;;;;;;;;;;;;;;;;;;;;;;;;;;;;;;;;;;;;;;;;;;
Guatemala;GTM;Immunization, measles (% of children ages 12-23 months);SH.IMM.MEAS;;;;;;;;;;;;;;;;;;;;;23;8;12;9;24;23;55;24;55;60;68;49;59;71;66;83;69;74;79;83;86;91;92;94;95;93;95;86;96;92;93;89;93;91;68;79;89;94;89;90;88;81;83;
Guam;GUM;Immunization, measles (% of children ages 12-23 months);SH.IMM.MEAS;;;;;;;;;;;;;;;;;;;;;;;;;;;;;;;;;;;;;;;;;;;;;;;;;;;;;;;;;;;;;;;;
Guyana;GUY;Immunization, measles (% of children ages 12-23 months);SH.IMM.MEAS;;;;;;;;;;;;;;;;;;;;;;;68;51;56;40;42;52;55;69;73;76;73;92;83;77;91;82;93;87;86;92;93;89;88;92;90;96;95;97;95;98;99;99;99;99;99;99;98;98;98;95;95;
High income;HIC;Immunization, measles (% of children ages 12-23 months);SH.IMM.MEAS;;;;;;;;;;;;;;;;;;;;;46.81581287;52.77678857;55.16658812;63.7155546;69.11405324;73.05023065;75.31588095;75.20179602;80.33944495;82.84277134;84.38110446;84.1014565;82.74272176;84.27779906;86.66609031;88.31232077;89.81195234;90.0185074;90.33020807;91.41783699;91.84523818;92.23941163;92.78553775;93.43219982;93.6608004;93.49402939;93.70016373;93.70697626;93.80934427;93.08436937;93.89874222;93.96307987;94.1181161;94.32484113;94.54867788;94.24116315;94.17193252;94.07215875;94.4662862;93.80378323;93.45889361;93.49371317;93.57055382;
Hong Kong SAR; China;HKG;Immunization, measles (% of children ages 12-23 months);SH.IMM.MEAS;;;;;;;;;;;;;;;;;;;;;;;;;;;;;;;;;;;;;;;;;;;;;;;;;;;;;;;;;;;;;;;
Honduras;HND;Immunization, measles (% of children ages 12-23 months);SH.IMM.MEAS;;;;;;;;;;;;;;;;;;;;;31;34;48;49;44;53;60;57;76;94;90;86;89;94;93;89;91;89;98;98;98;99;97;95;92;96;95;94;93;98;98;97;97;97;97;98;98;98;91;89;82;81;77;
Heavily indebted poor countries (HIPC);HPC;Immunization, measles (% of children ages 12-23 months);SH.IMM.MEAS;;;;;;;;;;;;;;;;;;;;;9.527634972;15.74159495;19.04322673;21.4333272;22.69117807;28.62914259;36.15409014;38.84760542;44.45220544;48.44327768;52.50726812;46.25738034;45.8482118;47.81257291;53.75015809;52.46520817;53.36390279;51.75170256;49.87445001;50.33885124;54.47843931;55.00665723;57.27167038;60.93360386;63.20579431;65.89953428;68.13615715;69.9365512;69.95945388;72.75355958;74.69617282;74.77710818;75.63881385;74.12969628;73.76128735;73.55890966;72.55103855;73.80778216;73.44743018;73.54246763;71.87147788;69.40352963;70.13324299;
Croatia;HRV;Immunization, measles (% of children ages 12-23 months);SH.IMM.MEAS;;;;;;;;;;;;;;;;;;;;;;;;;;;;;;;;;90;90;90;92;92;91;91;92;93;94;95;94;96;96;95;96;96;95;96;96;95;94;94;93;90;89;93;93;91;89;90;
Haiti;HTI;Immunization, measles (% of children ages 12-23 months);SH.IMM.MEAS;;;;;;;;;;;;;;;;;;;;;;;3;6;8;21;26;23;59;31;31;35;39;44;48;49;50;52;53;54;55;55;56;57;57;58;59;60;62;63;64;65;66;68;69;69;69;69;69;65;65;65;65;
Hungary;HUN;Immunization, measles (% of children ages 12-23 months);SH.IMM.MEAS;;;;;;;;;;;;;;;;;;;;;99;99;99;99;99;99;99;99;99;99;99;99;99;99;99;99;99;99;99;99;99;99;99;99;99;99;99;99;99;99;99;99;99;99;99;99;99;99;99;99;99;99;99;
IBRD only;IBD;Immunization, measles (% of children ages 12-23 months);SH.IMM.MEAS;;;;;;;;;;;;;;;;;;;;;9.821940407;11.41533119;12.05307463;37.37462504;40.69130846;46.5310107;44.63162859;54.72460046;65.85213128;70.18056002;77.04276272;72.17402467;73.68367873;74.2146825;75.17507417;78.28906513;78.3679126;75.35641048;74.87974835;75.95253799;75.96917481;76.94049159;75.80320349;77.1069827;79.08849282;80.50386593;82.9929648;83.59270491;85.23741649;87.79046723;89.22818495;90.28095384;90.0733327;90.07371671;90.40606889;91.10441533;91.43742194;91.27996835;92.86448589;92.56834925;88.61883259;87.23722147;90.152186;
IDA & IBRD total;IBT;Immunization, measles (% of children ages 12-23 months);SH.IMM.MEAS;;;;;;;;;;;;;;;;;;;;;8.528374993;10.66637402;11.63297706;31.37162335;35.2987366;40.97801535;41.39557672;49.75842935;59.75060889;65.48063669;71.56229677;67.34648781;68.10712285;68.53303596;69.96006623;71.96501105;71.7032725;69.47468813;68.99463258;69.60422797;70.07714143;70.70683992;70.09603357;71.75138515;73.79417006;75.36244378;77.24115205;77.8754872;79.59571929;82.31862739;83.13692599;83.54801271;83.13049712;83.22287245;83.57342716;83.95767193;84.28432077;84.60940123;85.70474323;85.55554109;82.85447237;80.88152551;82.7812187;
IDA total;IDA;Immunization, measles (% of children ages 12-23 months);SH.IMM.MEAS;;;;;;;;;;;;;;;;;;;;;4.732628272;8.471963317;10.40746629;13.82512513;19.85058863;25.43405586;32.33118826;35.78675313;42.50625085;52.40724173;56.61844204;54.27470081;53.42093389;54.48132532;57.51643764;57.30117199;56.67902939;56.59095153;56.44332383;56.39818221;58.13141199;58.27256145;58.93246091;61.55369824;63.91177644;65.89766952;66.7889117;67.63875099;69.61384177;72.70331307;72.50363736;72.03012261;71.40275522;71.65369096;72.12976716;72.20296902;72.75095625;74.05646869;74.54610674;75.06238249;74.67207046;72.31456455;73.3251282;
IDA blend;IDB;Immunization, measles (% of children ages 12-23 months);SH.IMM.MEAS;;;;;;;;;;;;;;;;;;;;;0.951582477;4.359227394;5.172401961;12.15879928;27.25167488;34.54943261;40.76461644;45.07514706;50.65154343;56.82725933;56.35942193;57.65802203;54.67213346;52.69259891;53.00370605;52.88548495;51.42207039;52.18731854;54.01175378;52.40693193;52.42082443;52.54381396;52.18795754;54.32332365;55.94328319;56.42379772;57.81324972;56.07108551;61.68285785;65.50811919;63.40191025;61.48699955;61.10978042;63.20809919;64.47599031;64.65615948;66.81429217;68.43191166;69.76762271;71.29485967;72.93815878;72.26423666;72.90226738;
Indonesia;IDN;Immunization, measles (% of children ages 12-23 months);SH.IMM.MEAS;;;;;;;;;;;;;;;;;;;;;;;;6;13;26;45;48;51;54;58;61;65;68;66;63;79;77;77;77;76;76;72;74;76;77;79;76;76;74;78;80;82;87;86;87;88;90;89;88;76;72;84;
IDA only;IDX;Immunization, measles (% of children ages 12-23 months);SH.IMM.MEAS;;;;;;;;;;;;;;;;;;;;;6.410664225;10.31271624;12.78570333;14.59299639;16.40182883;21.15711094;28.36581262;31.40050807;38.63134652;50.28944229;56.74348629;52.63078102;52.78196684;55.39107825;59.80264748;59.53360933;59.33093197;58.80633501;57.66620989;58.40419139;61.0104132;61.17376353;62.36510149;65.24295813;67.98148089;70.73308302;71.37253233;73.55535582;73.6988426;76.45309423;77.28977028;77.53742588;76.79522488;76.07943333;76.12815773;76.12251985;75.80948092;76.93559705;76.98245575;76.9743261;75.54722265;72.33987388;73.53686378;
Isle of Man;IMN;Immunization, measles (% of children ages 12-23 months);SH.IMM.MEAS;;;;;;;;;;;;;;;;;;;;;;;;;;;;;;;;;;;;;;;;;;;;;;;;;;;;;;;;;;;;;;;;
India;IND;Immunization, measles (% of children ages 12-23 months);SH.IMM.MEAS;;;;;;;;;;;;;;;;;;;;;;;;;;1;10;24;32;42;56;43;51;59;67;72;66;55;53;56;56;57;56;60;64;68;69;70;72;78;82;84;83;83;85;87;88;90;93;95;89;89;95;
Not classified;INX;Immunization, measles (% of children ages 12-23 months);SH.IMM.MEAS;;;;;;;;;;;;;;;;;;;;;;;;;;;;;;;;;;;;;;;;;;;;;;;;;;;;;;;;;;;;;;;;
Ireland;IRL;Immunization, measles (% of children ages 12-23 months);SH.IMM.MEAS;;;;;;;;;;;;;;;;;;;;;;;;10;10;63;65;66;68;78;78;78;78;78;78;77;77;77;77;77;79;73;73;78;81;84;86;87;89;90;90;92;92;93;93;93;92;92;92;91;92;90;90;
Iran; Islamic Rep.;IRN;Immunization, measles (% of children ages 12-23 months);SH.IMM.MEAS;;;;;;;;;;;;;;;;;;;;;39;48;55;38;38;62;55;55;83;79;85;84;96;96;97;95;99;95;99;99;99;96;99;99;96;94;99;97;98;99;99;99;98;98;99;99;99;99;99;99;99;99;99
Iraq;IRQ;Immunization, measles (% of children ages 12-23 months);SH.IMM.MEAS;;;;;;;;;;;;;;;;;;;;;9;10;11;12;25;70;75;91;85;79;75;71;67;63;72;80;82;85;88;90;86;82;77;73;69;69;62;64;75;81;75;80;74;73;70;71;79;81;85;82;76;75;88;
Iceland;ISL;Immunization, measles (% of children ages 12-23 months);SH.IMM.MEAS;;;;;;;;;;;;;;;;;;;;;;;;81;96;96;95;97;99;99;99;99;99;99;98;99;99;99;96;94;91;88;91;93;93;90;95;95;96;92;93;94;90;91;90;93;91;92;93;93;93;92;91;
Israel;ISR;Immunization, measles (% of children ages 12-23 months);SH.IMM.MEAS;;;;;;;;;;;;;;;;;;;;;81;83;88;85;85;85;88;88;86;88;91;94;94;92;92;93;96;97;94;94;95;95;95;96;97;94;96;97;98;97;96;97;96;98;97;98;97;98;98;99;99;99;99;
Italy;ITA;Immunization, measles (% of children ages 12-23 months);SH.IMM.MEAS;;;;;;;;;;;;;;;;;;;;;;;;;;;;;;;43;50;50;50;50;50;55;57;55;70;74;77;81;84;86;87;88;90;90;90;91;90;90;90;87;85;87;92;93;94;92;94;94;
Jamaica;JAM;Immunization, measles (% of children ages 12-23 months);SH.IMM.MEAS;;;;;;;;;;;;;;;;;;;;;;;12;15;60;64;36;62;68;71;74;77;63;80;82;90;96;88;88;82;88;85;86;78;86;84;87;76;88;88;89;88;93;94;92;91;95;95;89;94;93;88;91;
Jordan;JOR;Immunization, measles (% of children ages 12-23 months);SH.IMM.MEAS;;;;;;;;;;;;;;;;;;;;;29;40;48;56;65;73;81;87;87;84;87;85;91;88;91;92;94;95;93;83;94;99;95;96;99;95;99;95;95;95;98;98;98;97;98;94;96;93;92;87;76;76;76;
Japan;JPN;Immunization, measles (% of children ages 12-23 months);SH.IMM.MEAS;;;;;;;;;;;;;;;;;;;;;69;68;66;70;73;73;74;75;76;77;73;71;69;68;81;93;94;94;95;95;96;98;98;98;98;98;97;96;95;94;94;94;96;95;98;96;96;97;97;96;98;95;98;
Kazakhstan;KAZ;Immunization, measles (% of children ages 12-23 months);SH.IMM.MEAS;;;;;;;;;;;;;;;;;;;;;;;;;;;;;;;;;89;91;91;95;97;97;99;99;99;95;95;99;99;99;99;99;99;99;99;99;96;99;99;99;99;99;99;99;93;97;99;
Kenya;KEN;Immunization, measles (% of children ages 12-23 months);SH.IMM.MEAS;;;;;;;;;;;;;;;;;;;;;;;;;55;63;65;69;72;75;78;81;84;84;84;83;81;79;90;76;78;77;78;72;73;69;77;80;90;88;86;87;93;94;95;96;96;89;89;89;88;89;90;
Kyrgyz Republic;KGZ;Immunization, measles (% of children ages 12-23 months);SH.IMM.MEAS;;;;;;;;;;;;;;;;;;;;;;;;;;;;;;;;;94;93;88;97;98;98;98;99;98;99;98;99;99;99;97;99;99;99;99;97;98;99;96;99;97;95;96;96;92;93;94;
Cambodia;KHM;Immunization, measles (% of children ages 12-23 months);SH.IMM.MEAS;;;;;;;;;;;;;;;;;;;;;;;;;27;29;54;53;39;39;34;39;33;36;50;62;56;50;54;63;65;59;52;65;80;79;78;79;89;92;90;88;84;79;83;85;85;86;87;87;83;83;83;
Kiribati;KIR;Immunization, measles (% of children ages 12-23 months);SH.IMM.MEAS;;;;;;;;;;;;;;;;;;;;;;;;24;8;4;9;14;54;63;75;62;77;89;70;47;64;82;77;62;80;76;88;72;56;85;61;93;72;82;89;90;91;91;88;84;80;81;84;94;82;80;85;
St. Kitts and Nevis;KNA;Immunization, measles (% of children ages 12-23 months);SH.IMM.MEAS;;;;;;;;;;;;;;;;;;;;;;;;;85;91;96;91;77;90;99;99;99;99;99;99;99;97;99;99;99;90;99;98;98;99;99;99;99;99;99;99;95;99;93;95;98;93;96;97;95;96;95;
Korea; Rep.;KOR;Immunization, measles (% of children ages 12-23 months);SH.IMM.MEAS;;;;;;;;;;;;;;;;;;;;;4;5;5;33;61;89;89;82;70;95;93;93;93;92;92;93;89;85;85;90;95;96;97;96;99;99;99;92;92;93;98;99;99;99;99;98;98;97;98;98;98;98;97
Kuwait;KWT;Immunization, measles (% of children ages 12-23 months);SH.IMM.MEAS;;;;;;;;;;;;;;;;;;;;;48;71;79;80;88;91;93;95;97;98;66;75;85;95;98;98;99;95;99;96;99;99;97;97;97;99;99;99;99;99;98;99;99;99;94;93;99;99;98;97;95;94;99;
Latin America & Caribbean (excluding high income);LAC;Immunization, measles (% of children ages 12-23 months);SH.IMM.MEAS;;;;;;;;;;;;;;;;;;;;;40.29894764;47.92264132;47.52134367;46.49812386;51.28662444;59.37850744;60.97755142;59.54666129;65.59780503;69.66943326;76.04594424;80.64671789;83.62602333;82.73495975;81.40557179;88.01313019;84.87251989;89.54065903;90.57495018;92.55292367;93.98646731;94.51054522;94.0866194;94.55892772;93.74984358;93.66791313;95.21596403;94.54003133;95.0342891;95.08120305;94.34755065;95.15434538;95.87731389;92.31563975;92.91503614;93.11685738;92.80178927;85.38759813;92.09643597;85.42413608;83.0958717;82.11367482;81.38730359;
Lao PDR;LAO;Immunization, measles (% of children ages 12-23 months);SH.IMM.MEAS;;;;;;;;;;;;;;;;;;;;;;7;7;7;6;6;10;11;23;20;32;47;46;46;73;68;73;67;71;71;42;50;55;42;36;41;48;40;52;59;64;67;69;78;81;81;81;86;86;83;79;73;76;
Lebanon;LBN;Immunization, measles (% of children ages 12-23 months);SH.IMM.MEAS;;;;;;;;;;;;;;;;;;;;;;;1;8;16;23;30;39;48;58;61;65;76;88;88;85;85;89;83;77;71;65;59;53;58;63;69;74;79;80;80;81;81;82;82;82;82;82;82;82;74;67;67;
Liberia;LBR;Immunization, measles (% of children ages 12-23 months);SH.IMM.MEAS;;;;;;;;;;;;;;;;;;;;;;;;;;;;;;;;;;;;;;;;69;63;58;52;47;41;62;63;71;76;83;65;71;80;74;58;64;70;75;74;68;61;58;79;
Libya;LBY;Immunization, measles (% of children ages 12-23 months);SH.IMM.MEAS;;;;;;;;;;;;;;;;;;;;;61;66;65;71;76;75;78;75;76;79;89;87;88;91;92;92;93;91;92;92;93;93;91;96;99;97;98;98;98;98;98;98;98;96;93;98;97;94;73;73;73;73;73;
St. Lucia;LCA;Immunization, measles (% of children ages 12-23 months);SH.IMM.MEAS;;;;;;;;;;;;;;;;;;;;;;;43;36;60;68;91;81;83;91;82;97;75;94;92;94;95;95;90;95;88;89;98;90;95;94;94;94;99;99;95;91;99;99;99;97;99;87;86;96;89;77;81;
Latin America & Caribbean;LCN;Immunization, measles (% of children ages 12-23 months);SH.IMM.MEAS;;;;;;;;;;;;;;;;;;;;;42.03070467;48.74820732;48.58057243;47.62624896;51.93114363;60.05242675;61.21304724;60.35964507;65.71504034;69.34412092;75.92156457;80.3570008;82.64752719;82.07377458;82.47417876;86.17795269;84.11955051;88.64135626;90.88765719;92.14854139;93.52137447;94.71118385;93.52949173;93.9664971;93.04463701;92.67514772;94.38134269;94.07493775;94.93926836;94.59115353;93.47914313;94.55820083;95.24573809;91.8775935;92.79797783;93.13515655;92.56165563;86.32845908;91.21649764;86.20656072;82.99708395;81.84568372;81.25601812;
Least developed countries: UN classification;LDC;Immunization, measles (% of children ages 12-23 months);SH.IMM.MEAS;;;;;;;;;;;;;;;;;;;;;5.817214305;9.795478593;11.96314858;14.79000366;16.14239507;20.65611665;26.84151882;30.24804896;37.08720588;48.04820791;54.37739952;50.1865194;49.6711361;52.51014214;57.37696854;57.03669409;56.89560525;56.6008453;54.60879315;55.15582525;57.15126502;58.37891366;59.58414985;62.31816581;65.11609751;67.16049731;68.12632019;71.53135806;71.7369332;74.25237176;75.70072035;76.30268297;75.63415684;74.78256057;74.90697946;74.54277504;73.67314556;74.61683862;75.03719169;75.1219129;73.82561611;69.99224534;71.551942;
Low income;LIC;Immunization, measles (% of children ages 12-23 months);SH.IMM.MEAS;;;;;;;;;;;;;;;;;;;;;7.478804803;13.38436218;16.73746986;17.46841642;18.21111378;23.60458851;28.74727573;31.4436026;38.38584411;46.72004602;51.35998919;43.53245431;41.78627053;44.76671517;49.42621122;47.33315835;48.22256333;46.11214054;44.98962923;46.71377478;50.7002163;50.96947038;52.90751963;56.22468334;59.40520362;62.21332005;64.40450072;66.57528159;67.31469763;70.04564062;72.15479567;72.5889079;71.4055252;69.90009543;69.88708392;69.56674032;69.27957453;70.53193065;70.5506068;71.15752352;70.00471731;66.81154485;66.10095344;
Liechtenstein;LIE;Immunization, measles (% of children ages 12-23 months);SH.IMM.MEAS;;;;;;;;;;;;;;;;;;;;;;;;;;;;;;;;;;;;;;;;;;;;;;;;;;;;;;;;;;;;;;;;
Sri Lanka;LKA;Immunization, measles (% of children ages 12-23 months);SH.IMM.MEAS;;;;;;;;;;;;;;;;;;;;;;;;;3;20;45;60;68;76;80;79;82;86;84;87;89;94;94;95;99;99;99;99;96;99;99;98;98;97;99;99;99;99;99;99;99;99;99;99;96;97;99;
Lower middle income;LMC;Immunization, measles (% of children ages 12-23 months);SH.IMM.MEAS;;;;;;;;;;;;;;;;;;;;;2.886980515;3.856012806;5.084959683;8.100399425;12.4992315;16.97065668;25.57682251;34.53606343;42.58852519;52.66844721;61.21399391;55.30174737;59.01451126;62.95550416;67.44054313;69.76394883;66.75109817;62.14152505;61.52458355;62.24307719;62.54229561;63.58763834;63.05519721;65.71174154;68.60423332;70.75896907;71.18759459;71.86764498;73.7989122;77.99010786;79.1273073;79.34768729;78.71700291;79.36351607;80.28521158;81.03062848;81.96113086;83.03283562;84.61625433;85.39653905;82.81596933;80.71366286;84.1789328;
Low & middle income;LMY;Immunization, measles (% of children ages 12-23 months);SH.IMM.MEAS;;;;;;;;;;;;;;;;;;;;;7.45637482;9.672629462;10.67531378;30.50129377;34.48614445;40.21890482;40.7346734;49.15248847;59.42875959;65.38683114;71.45822818;67.18773813;67.76519601;68.14264811;69.50892084;71.66329025;71.23046489;68.82700729;68.23498937;68.93600192;69.4846821;70.12797586;69.59693139;71.27942828;73.36228778;74.97153666;76.86266504;77.48940022;79.1945481;82.01685491;82.89480322;83.29584367;82.8617453;82.96451924;83.29906437;83.68678469;84.04776257;84.34729171;85.57406484;85.34630517;82.75400862;80.63453199;82.4500685;
Lesotho;LSO;Immunization, measles (% of children ages 12-23 months);SH.IMM.MEAS;;;;;;;;;;;;;;;;;;;;;49;49;51;53;63;73;76;78;79;79;80;81;81;82;82;83;82;80;79;77;74;70;78;85;84;83;82;81;80;84;88;92;91;90;92;93;90;90;90;90;90;90;81;
Late-demographic dividend;LTE;Immunization, measles (% of children ages 12-23 months);SH.IMM.MEAS;;;;;;;;;;;;;;;;;;;;;10.61998559;12.6989056;12.56382067;65.96963605;71.34631904;75.01004251;61.2840961;72.06818246;86.51723222;88.3075292;93.33129628;89.97091102;86.35549035;83.32752026;79.14733245;83.81239076;85.39948857;86.81702187;86.71934381;87.99248224;88.68994434;89.58003385;89.21941972;89.1235244;90.07957724;90.33549628;94.31706364;94.48374056;96.72886676;98.16346696;98.13559999;98.02593513;98.1648359;98.22653118;98.02375338;97.95570582;97.87432038;97.05500247;97.55374619;97.30447988;95.20855379;92.93717708;92.90060375;
Lithuania;LTU;Immunization, measles (% of children ages 12-23 months);SH.IMM.MEAS;;;;;;;;;;;;;;;;;;;;;;;;;;;;;;;;;89;92;93;94;96;96;97;97;97;97;98;98;98;97;97;97;97;96;96;94;93;93;93;94;94;94;92;93;90;88;87;
Luxembourg;LUX;Immunization, measles (% of children ages 12-23 months);SH.IMM.MEAS;;;;;;;;;;;;;;;;;;;;;;;;39;49;58;68;77;71;80;80;80;80;83;86;88;91;91;92;92;93;94;94;95;95;95;95;96;96;96;96;96;99;99;99;99;99;99;99;99;99;99;99;
Latvia;LVA;Immunization, measles (% of children ages 12-23 months);SH.IMM.MEAS;;;;;;;;;;;;;;;;;;;;;;;;;;;;;;;;;95;80;81;81;96;97;97;97;97;98;98;98;98;98;98;95;96;92;95;92;90;96;95;96;93;96;98;99;99;97;96;
Macao SAR; China;MAC;Immunization, measles (% of children ages 12-23 months);SH.IMM.MEAS;;;;;;;;;;;;;;;;;;;;;;;;;;;;;;;;;;;;;;;;;;;;;;;;;;;;;;;;;;;;;;;
St. Martin (French part);MAF;Immunization, measles (% of children ages 12-23 months);SH.IMM.MEAS;;;;;;;;;;;;;;;;;;;;;;;;;;;;;;;;;;;;;;;;;;;;;;;;;;;;;;;;;;;;;;;;
Morocco;MAR;Immunization, measles (% of children ages 12-23 months);SH.IMM.MEAS;;;;;;;;;;;;;;;;;;;;;;;17;35;42;45;58;73;81;82;79;80;81;83;87;88;93;92;91;90;93;96;94;90;95;97;95;95;96;98;98;99;99;99;99;99;99;99;99;99;99;99;99;
Monaco;MCO;Immunization, measles (% of children ages 12-23 months);SH.IMM.MEAS;;;;;;;;;;;;;;;;;;;;;;;;;;;;;99;99;99;98;98;99;99;99;99;99;99;99;98;98;97;97;96;96;94;95;94;92;93;91;91;91;90;89;89;88;88;88;88;88;88;
Moldova;MDA;Immunization, measles (% of children ages 12-23 months);SH.IMM.MEAS;;;;;;;;;;;;;;;;;;;;;;;;;;;;;;;;;73;64;85;91;90;95;93;93;89;94;94;96;96;97;96;96;95;90;97;91;91;91;90;89;88;93;93;97;84;83;84;
Madagascar;MDG;Immunization, measles (% of children ages 12-23 months);SH.IMM.MEAS;;;;;;;;;;;;;;;;;;;;;;;;;1;6;18;28;36;44;47;54;54;54;63;55;46;46;51;55;57;59;61;65;79;74;71;81;70;63;66;62;62;64;66;60;62;55;68;60;55;44;44;
Maldives;MDV;Immunization, measles (% of children ages 12-23 months);SH.IMM.MEAS;;;;;;;;;;;;;;;;;;;;;;39;34;37;40;47;50;41;83;88;96;97;98;86;97;96;95;96;98;97;99;98;97;96;97;97;97;97;97;98;97;96;98;99;99;99;99;99;99;99;98;97;98;
Middle East & North Africa;MEA;Immunization, measles (% of children ages 12-23 months);SH.IMM.MEAS;;;;;;;;;;;;;;;;;;;;;22.70204759;25.64114436;33.44451289;32.54181348;37.05891745;60.68689685;63.77150764;66.14838393;77.7904767;80.56858615;82.95809949;82.44217079;84.00911051;84.59107491;84.34529072;85.03874627;87.36699071;86.83888873;90.61274138;90.37590258;90.51376027;89.81962035;88.75526834;88.50774451;88.66888002;88.68366409;88.44659004;88.95160335;88.777728;90.60485796;90.80120234;91.17559634;88.16425242;89.33789038;88.18359648;88.29854642;90.77472912;89.81256772;89.02114235;88.93725788;87.29897838;87.59941557;88.37982346;
Mexico;MEX;Immunization, measles (% of children ages 12-23 months);SH.IMM.MEAS;;;;;;;;;;;;;;;;;;;;;35;33;37;23;21;64;60;54;70;85;75;89;88;79;90;90;93;91;96;94;96;95;96;96;96;96;96;96;96;96;95;98;99;89;97;97;96;76;97;73;92;99;86;
Marshall Islands;MHL;Immunization, measles (% of children ages 12-23 months);SH.IMM.MEAS;;;;;;;;;;;;;;;;;;;;;;;;;;;;31;25;39;52;74;86;36;59;57;69;52;93;93;94;64;80;90;70;86;96;94;86;78;97;88;78;79;79;75;75;83;83;85;89;85;81;
Middle income;MIC;Immunization, measles (% of children ages 12-23 months);SH.IMM.MEAS;;;;;;;;;;;;;;;;;;;;;7.45412654;9.302601027;10.0723224;31.78836628;36.11713109;41.92444948;41.97570782;50.99871012;61.63570359;67.38608322;73.65379618;69.79442886;70.67409722;70.93741335;72.00450754;74.77887915;74.274654;71.93629618;71.49867865;72.12413362;72.23805485;72.97561799;72.12321678;73.6212581;75.58203673;77.03886173;78.91960763;79.32998061;81.23429829;84.09588557;84.77911453;85.23880166;84.97289485;85.3881476;85.81358897;86.38075783;86.92564328;87.09456336;88.61346346;88.3232589;85.54979403;83.80039692;86.35749863;
North Macedonia;MKD;Immunization, measles (% of children ages 12-23 months);SH.IMM.MEAS;;;;;;;;;;;;;;;;;;;;;;;;;;;;;;;;;;98;88;97;91;98;96;98;97;92;98;96;96;96;94;96;98;96;98;97;96;96;93;89;82;83;75;75;63;70;71;
Mali;MLI;Immunization, measles (% of children ages 12-23 months);SH.IMM.MEAS;;;;;;;;;;;;;;;;;;;;;;;;;;19;27;11;23;40;43;42;35;51;46;52;57;56;54;51;49;54;56;57;63;73;68;66;71;73;78;72;67;62;61;66;70;70;70;70;62;70;70;
Malta;MLT;Immunization, measles (% of children ages 12-23 months);SH.IMM.MEAS;;;;;;;;;;;;;;;;;;;;;;;;;10;10;35;59;41;86;80;90;92;90;71;51;51;56;60;67;74;70;65;90;94;86;94;79;78;82;73;84;93;99;98;89;93;91;96;96;95;90;96;
Myanmar;MMR;Immunization, measles (% of children ages 12-23 months);SH.IMM.MEAS;;;;;;;;;;;;;;;;;;;;;;;;;;;5;17;32;50;68;67;68;71;77;82;86;88;89;86;84;73;77;80;86;84;78;81;82;87;88;88;84;86;88;84;91;83;93;84;91;44;75;
Middle East & North Africa (excluding high income);MNA;Immunization, measles (% of children ages 12-23 months);SH.IMM.MEAS;;;;;;;;;;;;;;;;;;;;;22.52815778;25.373197;31.1161284;29.20282444;33.5426821;58.89080717;62.18465245;64.69009329;77.29075898;79.56283598;82.45538576;81.24114476;83.43410151;83.83116627;83.37404758;84.01337979;86.6858115;86.040755;90.20857826;90.03194284;89.97420098;89.19400472;87.74943508;87.55087728;87.63536854;87.73899907;87.6122553;88.0925573;87.77270991;89.73946305;89.97841774;90.35542203;86.96950798;88.24481257;87.00555639;87.14042365;89.89494322;88.92733626;87.89027676;87.98375009;86.08315151;86.23464189;87.13895865;
Montenegro;MNE;Immunization, measles (% of children ages 12-23 months);SH.IMM.MEAS;;;;;;;;;;;;;;;;;;;;;;;;;;;;;;;;;;;;;;;;;;;;;;;90;90;89;86;90;91;90;88;76;64;47;58;42;33;24;18;33;
Mongolia;MNG;Immunization, measles (% of children ages 12-23 months);SH.IMM.MEAS;;;;;;;;;;;;;;;;;;;;;17;12;6;1;20;18;11;61;70;86;92;82;84;84;80;85;89;91;93;93;92;95;98;98;99;97;99;98;97;94;97;98;99;97;98;98;98;99;99;98;97;95;94;
Northern Mariana Islands;MNP;Immunization, measles (% of children ages 12-23 months);SH.IMM.MEAS;;;;;;;;;;;;;;;;;;;;;;;;;;;;;;;;;;;;;;;;;;;;;;;;;;;;;;;;;;;;;;;;
Mozambique;MOZ;Immunization, measles (% of children ages 12-23 months);SH.IMM.MEAS;;;;;;;;;;;;;;;;;;;;;;32;58;51;50;39;39;37;44;48;59;55;56;62;65;71;58;61;64;67;71;74;77;80;79;78;76;75;77;80;82;83;85;86;87;87;87;87;87;87;81;84;84;
Mauritania;MRT;Immunization, measles (% of children ages 12-23 months);SH.IMM.MEAS;;;;;;;;;;;;;;;;;;;;;;45;44;43;42;41;40;27;45;42;38;32;43;49;53;67;66;64;62;62;46;58;87;84;73;65;62;67;65;59;67;67;75;80;75;70;73;75;78;75;70;63;72;
Mauritius;MUS;Immunization, measles (% of children ages 12-23 months);SH.IMM.MEAS;;;;;;;;;;;;;;;;;;;;;;;34;53;55;67;71;69;73;80;76;88;84;84;85;89;61;87;85;80;84;90;84;91;98;98;99;98;98;99;99;99;99;99;98;99;92;89;99;99;89;87;98;
Malawi;MWI;Immunization, measles (% of children ages 12-23 months);SH.IMM.MEAS;;;;;;;;;;;;;;;;;;;;;49;64;64;58;50;49;60;79;82;84;81;85;91;87;83;90;90;87;90;82;73;81;69;77;80;82;85;83;88;92;93;96;90;88;85;87;81;83;87;92;90;90;82;
Malaysia;MYS;Immunization, measles (% of children ages 12-23 months);SH.IMM.MEAS;;;;;;;;;;;;;;;;;;;;;;;;11;23;20;35;68;61;61;70;80;82;81;95;97;97;98;96;97;96;95;94;93;95;96;95;95;95;95;95;95;95;95;92;93;94;96;98;97;95;96;96;
North America;NAC;Immunization, measles (% of children ages 12-23 months);SH.IMM.MEAS;;;;;;;;;;;;;;;;;;;;;77.36294233;87.35724806;87.4544165;88.39041124;88.37195494;87.52126712;87.68962363;80.86429669;96.77652229;93.34452108;89.9062598;87.47045082;84.02986857;85.11386581;89.73761299;88.73479448;91.55084043;91.45244777;92.34889504;92.33666822;91.41242195;91.32113418;91.3105433;93.15382585;93.07767188;92.15691437;92.0789962;92.15925281;92.08122611;90.08385344;91.82765826;91.65257062;90.82644796;91.82574656;91.82482325;91.73697097;91.73702691;90.91221151;91.82381729;90;90.91057141;91.81765731;92;
Namibia;NAM;Immunization, measles (% of children ages 12-23 months);SH.IMM.MEAS;;;;;;;;;;;;;;;;;;;;;;;;;;;;;;;;76;76;71;70;68;61;59;64;65;69;58;68;70;70;73;63;69;73;76;75;74;76;82;83;85;75;80;82;80;90;91;91;
New Caledonia;NCL;Immunization, measles (% of children ages 12-23 months);SH.IMM.MEAS;;;;;;;;;;;;;;;;;;;;;;;;;;;;;;;;;;;;;;;;;;;;;;;;;;;;;;;;;;;;;;;;
Niger;NER;Immunization, measles (% of children ages 12-23 months);SH.IMM.MEAS;;;;;;;;;;;;;;;;;;;;;;19;18;16;22;27;27;27;24;14;25;28;21;19;19;40;38;35;35;35;37;39;41;43;45;47;53;60;66;69;67;69;75;80;80;85;76;82;77;79;79;80;65;
Nigeria;NGA;Immunization, measles (% of children ages 12-23 months);SH.IMM.MEAS;;;;;;;;;;;;;;;;;;;;;;;;;9;17;28;36;46;59;54;57;43;40;41;44;38;38;38;35;33;32;30;34;37;41;44;41;53;64;56;49;42;43;44;42;48;54;56;58;60;60;60;
Nicaragua;NIC;Immunization, measles (% of children ages 12-23 months);SH.IMM.MEAS;;;;;;;;;;;;;;;;;;;;;15;20;40;41;56;59;51;47;63;63;82;54;83;84;84;85;85;86;91;87;86;99;98;93;84;96;99;99;99;99;99;99;99;99;99;99;99;99;99;99;97;83;93;
Netherlands;NLD;Immunization, measles (% of children ages 12-23 months);SH.IMM.MEAS;;;;;;;;;;;;;;;;;;;;;91;91;92;92;92;92;93;93;94;94;94;94;95;94;94;94;96;96;96;96;96;95;95;96;96;95;96;96;96;96;96;96;96;96;96;95;94;93;93;94;94;93;89;
Norway;NOR;Immunization, measles (% of children ages 12-23 months);SH.IMM.MEAS;;;;;;;;;;;;;;;;;;;;;;;;80;80;90;87;87;87;84;87;94;96;93;94;92;92;93;91;90;88;90;87;86;89;90;92;92;93;93;93;93;94;93;94;95;96;96;96;97;97;97;96;
Nepal;NPL;Immunization, measles (% of children ages 12-23 months);SH.IMM.MEAS;;;;;;;;;;;;;;;;;;;;;;2;2;11;24;34;37;37;58;57;57;57;58;58;58;56;65;73;67;81;71;71;71;75;73;74;85;81;79;90;86;88;86;88;88;85;83;90;91;92;87;90;90;
Nauru;NRU;Immunization, measles (% of children ages 12-23 months);SH.IMM.MEAS;;;;;;;;;;;;;;;;;;;;;;;;;;;;;;;;;;;;;;99;90;49;8;95;40;53;67;80;99;99;99;99;99;99;96;97;98;98;98;95;99;95;98;98;98;
New Zealand;NZL;Immunization, measles (% of children ages 12-23 months);SH.IMM.MEAS;;;;;;;;;;;;;;;;;;;;;80;77;74;71;67;64;60;67;75;83;90;82;82;85;87;84;92;99;81;83;85;85;84;84;83;82;82;79;86;89;91;93;92;92;93;93;92;93;92;92;91;91;90;
OECD members;OED;Immunization, measles (% of children ages 12-23 months);SH.IMM.MEAS;;;;;;;;;;;;;;;;;;;;;43.9180003;50.99816849;53.40733805;56.65095917;60.71015818;69.24839402;70.52436889;70.17631025;78.75039248;81.56973041;82.15101806;82.93652735;82.17221516;82.24276884;86.26610175;86.97598062;88.69217239;88.37710117;88.96757694;89.61475646;91.11372615;91.92687443;91.75788959;91.68812555;92.27604499;92.90924219;93.8320418;93.60584543;93.56789038;93.01417906;93.30029281;93.87521118;94.27640666;93.15831312;94.16445761;94.2945332;94.11743676;91.2362592;94.37974404;90.82476989;92.86200135;93.55044054;91.9594712;
Oman;OMN;Immunization, measles (% of children ages 12-23 months);SH.IMM.MEAS;;;;;;;;;;;;;;;;;;;;;22;10;24;34;53;65;79;86;87;94;98;96;96;95;97;98;98;98;98;99;99;99;99;98;98;98;96;97;98;99;99;99;99;99;99;99;99;99;99;99;99;99;97;
Other small states;OSS;Immunization, measles (% of children ages 12-23 months);SH.IMM.MEAS;;;;;;;;;;;;;;;;;;;;;;;;;;50.84834298;62.81301058;66.30411347;72.94282127;82.05546666;84.87087323;77.52750183;69.42245452;77.62238384;79.8482135;81.55042289;74.38939409;78.244366;77.84222238;77.73280025;82.11682724;82.87109649;80.12215688;81.70838138;82.710096;81.6703018;84.20084991;85.30291353;88.01879108;88.69456999;87.63863506;86.55764636;88.45768599;88.85693377;88.56534805;87.36287978;86.96955017;88.3067122;88.38986306;88.12175185;83.18371057;81.65106031;82.35052531;
Pakistan;PAK;Immunization, measles (% of children ages 12-23 months);SH.IMM.MEAS;;;;;;;;;;;;;;;;;;;;;1;2;3;19;33;38;41;43;46;48;50;51;52;52;53;47;50;52;54;56;57;59;60;62;63;61;59;57;56;56;57;59;63;68;71;75;75;76;79;81;83;81;82;
Panama;PAN;Immunization, measles (% of children ages 12-23 months);SH.IMM.MEAS;;;;;;;;;;;;;;;;;;;;;71;76;64;85;72;84;74;78;73;73;73;80;76;83;84;84;90;92;96;90;97;95;95;95;97;99;95;95;96;96;97;97;98;92;90;93;95;98;98;97;80;92;92;
Peru;PER;Immunization, measles (% of children ages 12-23 months);SH.IMM.MEAS;;;;;;;;;;;;;;;;;;;;;23;26;32;28;35;53;41;56;52;52;64;74;83;75;75;98;87;91;93;93;97;97;95;95;85;77;93;92;92;91;94;96;94;85;89;92;88;87;86;85;77;78;74;
Philippines;PHL;Immunization, measles (% of children ages 12-23 months);SH.IMM.MEAS;;;;;;;;;;;;;;;;;;;;;;;9;27;44;49;51;67;77;83;85;83;81;78;75;72;76;79;80;80;78;81;82;87;92;92;92;92;90;89;87;86;84;83;81;80;80;78;77;75;72;57;69;
Palau;PLW;Immunization, measles (% of children ages 12-23 months);SH.IMM.MEAS;;;;;;;;;;;;;;;;;;;;;;;;;;;98;98;99;98;98;98;94;32;41;99;99;83;74;96;83;91;99;99;99;98;98;91;97;75;39;85;91;99;83;95;96;93;90;97;93;93;96;
Papua New Guinea;PNG;Immunization, measles (% of children ages 12-23 months);SH.IMM.MEAS;;;;;;;;;;;;;;;;;;;;;;;;1;26;33;39;37;46;52;67;69;70;28;36;42;24;50;63;67;69;65;73;77;77;82;82;72;66;65;63;66;71;72;65;57;46;38;37;37;47;38;44;
Poland;POL;Immunization, measles (% of children ages 12-23 months);SH.IMM.MEAS;;;;;;;;;;;;;;;;;;;;;92;93;93;94;94;92;92;94;95;95;95;94;95;95;96;96;97;97;97;97;97;97;98;97;97;98;99;98;98;98;98;98;98;98;97;96;96;94;93;93;80;71;71;
Pre-demographic dividend;PRE;Immunization, measles (% of children ages 12-23 months);SH.IMM.MEAS;;;;;;;;;;;;;;;;;;;;;6.854300077;11.20852062;13.11161263;16.03735441;23.01660995;31.39131081;39.56357605;44.05586176;49.84905062;54.88079702;55.3586236;53.34608474;50.37014215;50.12259673;52.21603782;53.47695547;51.29468652;50.97706569;49.83663082;48.9230923;51.62144505;52.88618416;54.04984115;56.86737982;59.43889462;60.87065413;62.95371689;64.39083453;67.30373148;71.23402605;70.74556998;68.75955441;68.98956612;68.48113765;68.13118007;67.23722717;67.73801355;69.51075681;70.63833023;70.97872728;69.55857382;67.90195025;68.698576;
Puerto Rico;PRI;Immunization, measles (% of children ages 12-23 months);SH.IMM.MEAS;;;;;;;;;;;;;;;;;;;;;;;;;;;;;;;;;;;;;;;;;;;;;;;;;;;;;;;;;;;;;;;;
Korea; Dem. People's Rep.;PRK;Immunization, measles (% of children ages 12-23 months);SH.IMM.MEAS;;;;;;;;;;;;;;;;;;;;;29;31;29;30;31;38;44;35;58;99;98;98;99;99;83;67;50;34;49;63;78;92;98;95;95;96;96;99;98;98;99;99;99;99;99;98;99;99;98;98;99;42;0
Portugal;PRT;Immunization, measles (% of children ages 12-23 months);SH.IMM.MEAS;;;;;;;;;;;;;;;;;;;;;54;49;46;48;48;70;75;81;84;96;85;96;99;95;91;94;99;96;96;92;87;90;93;96;95;93;97;95;97;95;96;97;97;98;98;98;98;98;99;99;99;98;98;
Paraguay;PRY;Immunization, measles (% of children ages 12-23 months);SH.IMM.MEAS;;;;;;;;;;;;;;;;;;;;;19;16;26;37;62;48;46;56;63;58;69;74;87;96;76;75;81;61;71;82;92;90;86;91;91;91;91;91;91;91;93;91;88;88;84;78;85;92;93;87;80;68;54;
West Bank and Gaza;PSE;Immunization, measles (% of children ages 12-23 months);SH.IMM.MEAS;;;;;;;;;;;;;;;;;;;;;;;;;;;;;;;;;;91;96;73;95;96;92;92;93;98;94;99;96;98;99;98;96;97;98;99;98;99;99;99;99;99;99;99;99;98;97;
Pacific island small states;PSS;Immunization, measles (% of children ages 12-23 months);SH.IMM.MEAS;;;;;;;;;;;;;;;;;;;;;14.36599973;18.61984858;11.98723513;27.26128095;23.60761293;41.84194813;48.21416349;59.55279178;66.66877695;72.25312284;77.90630852;81.15828446;81.50779153;81.66717684;78.7427408;80.67226308;86.57580183;75.59417262;77.00959224;83.90089264;83.5024252;81.14232862;81.91478083;79.70469659;76.66980775;82.28618993;84.53511393;85.86946122;78.40973024;78.44601876;81.95827178;84.07644073;89.05127531;86.8881853;87.95350322;83.56734687;86.35844394;86.64636451;85.03456023;88.13668586;84.45403931;75.55660714;88.11511815;
Post-demographic dividend;PST;Immunization, measles (% of children ages 12-23 months);SH.IMM.MEAS;;;;;;;;;;;;;;;;;;;;;46.37212314;53.02911401;54.20602769;61.3170692;67.0971928;71.04239849;73.73199927;73.24578691;79.42179404;81.69124079;83.3215223;82.59184738;82.11238245;83.55750047;86.86570798;88.21504314;89.54472224;89.50033091;89.36771663;90.6018931;90.91029801;91.51378988;91.92622745;92.76807484;92.98708707;92.59622348;92.95929837;92.88984728;92.705453;91.1348126;91.31147234;91.91073622;92.61192496;92.82468175;92.05402742;91.75552451;91.20224403;92.96353036;93.56155827;92.91273612;93.03071481;93.31827232;93.14557098;
French Polynesia;PYF;Immunization, measles (% of children ages 12-23 months);SH.IMM.MEAS;;;;;;;;;;;;;;;;;;;;;;;;;;;;;;;;;;;;;;;;;;;;;;;;;;;;;;;;;;;;;;;;
Qatar;QAT;Immunization, measles (% of children ages 12-23 months);SH.IMM.MEAS;;;;;;;;;;;;;;;;;;;;;26;10;22;69;62;62;62;60;73;79;79;84;86;86;86;87;90;87;89;87;91;92;99;93;99;99;99;92;96;99;99;98;97;97;99;99;99;99;99;99;90;99;99;
Romania;ROU;Immunization, measles (% of children ages 12-23 months);SH.IMM.MEAS;;;;;;;;;;;;;;;;;;;;;;;;83;86;88;81;90;78;90;92;92;91;93;91;93;94;97;97;98;98;98;98;97;97;97;95;97;96;96;95;93;94;92;89;86;86;86;90;90;87;86;83;
Russian Federation;RUS;Immunization, measles (% of children ages 12-23 months);SH.IMM.MEAS;;;;;;;;;;;;;;;;;;;;;;;;;;;;;;;;;83;88;81;85;88;91;94;97;97;97;98;98;98;99;99;99;99;98;98;98;98;98;98;98;98;98;98;98;97;97;97;
Rwanda;RWA;Immunization, measles (% of children ages 12-23 months);SH.IMM.MEAS;;;;;;;;;;;;;;;;;;;;;;42;48;53;53;52;79;78;79;83;83;89;82;74;25;84;76;66;72;78;74;69;69;90;84;89;95;94;92;95;95;95;97;95;97;96;95;97;99;96;94;87;96;
South Asia;SAS;Immunization, measles (% of children ages 12-23 months);SH.IMM.MEAS;;;;;;;;;;;;;;;;;;;;;0.299519748;0.258817699;0.581767154;2.492954872;4.450597057;6.204582908;13.79309069;25.10286139;32.66384;44.23754266;55.95965467;46.82561411;52.89986887;59.1759843;65.67861784;68.5867274;63.88745875;56.543192;54.98057845;57.68931532;57.85224662;59.36650306;58.52644158;61.90395885;65.52375503;68.83738927;69.03694451;69.93573006;71.47295593;75.89216832;78.33624444;80.45785468;79.689315;80.64265889;82.80985521;85.07432309;85.75909126;87.51326288;90.19740711;91.61450722;87.80939593;87.36341813;91.72149195;
Saudi Arabia;SAU;Immunization, measles (% of children ages 12-23 months);SH.IMM.MEAS;;;;;;;;;;;;;;;;;;;;;8;12;53;65;71;79;77;77;81;90;88;95;88;91;93;94;92;92;93;92;94;94;97;96;97;97;95;96;97;98;98;98;98;98;98;98;98;96;98;95;96;98;98;
Sudan;SDN;Immunization, measles (% of children ages 12-23 months);SH.IMM.MEAS;;;;;;;;;;;;;;;;;;;;;;1;1;2;3;6;11;22;44;61;57;57;52;49;48;51;59;58;49;51;58;58;58;65;67;69;73;79;79;82;90;87;85;85;86;87;86;90;88;90;86;81;81;
Senegal;SEN;Immunization, measles (% of children ages 12-23 months);SH.IMM.MEAS;;;;;;;;;;;;;;;;;;;;;;;;;;;71;66;60;48;51;54;57;58;59;80;70;65;62;60;48;48;54;60;57;74;80;84;77;79;81;84;83;84;80;80;93;90;86;89;88;87;80;
Singapore;SGP;Immunization, measles (% of children ages 12-23 months);SH.IMM.MEAS;;;;;;;;;;;;;;;;;;;;;47;57;78;88;85;75;85;94;87;81;84;92;89;87;95;97;97;98;96;97;96;95;94;93;95;96;95;95;95;95;95;95;95;95;95;95;95;95;97;96;97;96;96;
Solomon Islands;SLB;Immunization, measles (% of children ages 12-23 months);SH.IMM.MEAS;;;;;;;;;;;;;;;;;;;;;;;;;;;31;58;69;92;70;76;70;64;60;68;90;68;66;99;91;83;78;82;87;87;99;90;71;69;74;77;87;76;76;75;82;84;93;81;81;67;90;
Sierra Leone;SLE;Immunization, measles (% of children ages 12-23 months);SH.IMM.MEAS;;;;;;;;;;;;;;;;;;;;;;;;;;;;;;;;;;;;;;;;62;37;50;62;73;76;71;65;60;73;80;82;84;86;85;80;78;85;80;87;93;87;87;90;
El Salvador;SLV;Immunization, measles (% of children ages 12-23 months);SH.IMM.MEAS;;;;;;;;;;;;;;;;;;;;;45;44;43;46;41;71;51;48;63;73;98;54;55;86;80;93;94;98;99;94;97;95;93;90;93;99;98;99;95;91;92;89;93;94;96;97;98;89;87;85;74;85;65;
San Marino;SMR;Immunization, measles (% of children ages 12-23 months);SH.IMM.MEAS;;;;;;;;;;;;;;;;;;;;;;;;;;;;;;;;99;99;96;97;97;98;98;99;99;99;97;96;94;94;94;90;90;86;88;88;90;84;82;81;84;82;86;89;86;90;89;91;
Somalia;SOM;Immunization, measles (% of children ages 12-23 months);SH.IMM.MEAS;;;;;;;;;;;;;;;;;;;;;9;3;4;6;16;35;25;28;33;30;30;30;32;33;35;34;33;25;32;38;24;20;45;40;40;35;35;35;34;43;46;46;46;46;46;46;46;46;46;46;46;46;46;
Serbia;SRB;Immunization, measles (% of children ages 12-23 months);SH.IMM.MEAS;;;;;;;;;;;;;;;;;;;;;;;;;;;;;;;;;82;85;81;86;90;92;88;84;89;90;92;87;89;96;88;95;92;95;95;93;87;92;86;86;82;86;92;87;78;75;81;
Sub-Saharan Africa (excluding high income);SSA;Immunization, measles (% of children ages 12-23 months);SH.IMM.MEAS;;;;;;;;;;;;;;;;;;;;;6.251368509;12.06120352;13.92932124;20.84493155;25.87012667;32.55540033;39.43295833;43.79490157;48.56387551;55.13066681;56.67963709;53.40346801;50.2454222;51.07026185;54.42184881;54.03213721;53.70183679;53.28861941;51.57535515;49.8138412;52.28295316;52.46281813;53.66436065;56.19809571;58.26455569;60.09670372;62.74724734;64.6343099;67.13482675;71.28726209;71.49396367;70.07853131;70.13110018;69.06306634;68.9588256;68.15752715;68.33325292;69.89718018;70.14416377;71.04396587;69.98129623;68.27663806;68.64351647;
South Sudan;SSD;Immunization, measles (% of children ages 12-23 months);SH.IMM.MEAS;;;;;;;;;;;;;;;;;;;;;;;;;;;;;;;;;;;;;;;;;;;;;;;;;;;;62;59;57;54;52;51;56;61;65;69;74;72;
Sub-Saharan Africa;SSF;Immunization, measles (% of children ages 12-23 months);SH.IMM.MEAS;;;;;;;;;;;;;;;;;;;;;6.250635948;12.06313858;13.93491745;20.85266904;25.87489541;32.56085771;39.4381379;43.7995425;48.56743099;55.13353984;56.6820665;53.40629828;50.24870989;51.07339823;54.42467112;54.03539233;53.70499073;53.29184349;51.5781572;49.81681779;52.28558859;52.46530559;53.66687186;56.20045728;58.26680156;60.09880646;62.74922556;64.63616787;67.13652159;71.28865993;71.49546881;70.08002494;70.13251155;69.06452064;68.96033617;68.15895839;68.3346181;69.89858576;70.14542058;71.04529718;69.98253592;68.27777438;68.64476686;
Small states;SST;Immunization, measles (% of children ages 12-23 months);SH.IMM.MEAS;;;;;;;;;;;;;;;;;;;;;9.747285581;17.3387619;28.79617514;37.0973672;43.52583162;51.40614397;61.59708704;65.47930786;71.23533786;79.34764066;82.21329028;79.66114337;72.86260734;79.89204353;80.55403218;82.07840813;79.79877174;79.32282811;80.1912029;80.77456575;83.81255288;84.13449011;82.03035888;82.3024006;82.9404644;83.54770424;85.32803749;86.54553801;87.17141938;87.93680642;87.51365914;86.99701453;88.686863;89.15704532;88.77739182;87.42951404;87.5384048;88.22686237;88.05649224;88.13364933;83.13446725;80.29791414;83.81782826;
Sao Tome and Principe;STP;Immunization, measles (% of children ages 12-23 months);SH.IMM.MEAS;;;;;;;;;;;;;;;;;;;;;;25;32;40;48;35;58;69;69;45;71;77;52;57;65;74;57;60;59;64;69;75;85;87;91;88;85;86;93;90;92;91;92;91;92;93;93;90;95;95;86;77;77;
Suriname;SUR;Immunization, measles (% of children ages 12-23 months);SH.IMM.MEAS;;;;;;;;;;;;;;;;;;;;;;39;17;71;75;73;78;70;83;73;65;84;61;61;72;85;87;79;82;85;84;82;73;69;86;91;83;85;86;88;87;79;64;81;70;76;76;76;77;64;45;58;74;
Slovak Republic;SVK;Immunization, measles (% of children ages 12-23 months);SH.IMM.MEAS;;;;;;;;;;;;;;;;;;;;;;;;;;;;;;;;;;;97;99;99;99;99;99;98;99;99;99;99;98;98;99;99;99;98;98;99;98;97;95;95;96;96;96;96;95;95;
Slovenia;SVN;Immunization, measles (% of children ages 12-23 months);SH.IMM.MEAS;;;;;;;;;;;;;;;;;;;;;;;;;;;;;;;;;90;90;91;93;93;82;93;98;95;94;93;94;94;94;96;96;96;95;95;96;95;94;94;94;92;93;93;94;94;95;96;
Sweden;SWE;Immunization, measles (% of children ages 12-23 months);SH.IMM.MEAS;;;;;;;;;;;;;;;;;;;;;88;92;91;93;94;94;94;94;95;95;96;96;96;97;97;97;96;96;94;89;91;94;95;95;96;96;97;96;96;97;97;97;98;97;97;98;97;97;97;97;97;97;92;
Eswatini;SWZ;Immunization, measles (% of children ages 12-23 months);SH.IMM.MEAS;;;;;;;;;;;;;;;;;;;;;;30;38;46;50;54;74;65;85;85;85;80;85;85;94;94;82;92;92;92;92;93;93;93;93;93;93;94;94;94;94;87;88;96;97;89;89;89;85;81;76;80;83;
Sint Maarten (Dutch part);SXM;Immunization, measles (% of children ages 12-23 months);SH.IMM.MEAS;;;;;;;;;;;;;;;;;;;;;;;;;;;;;;;;;;;;;;;;;;;;;;;;;;;;;;;;;;;;;;;;
Seychelles;SYC;Immunization, measles (% of children ages 12-23 months);SH.IMM.MEAS;;;;;;;;;;;;;;;;;;;;;;29;64;98;77;90;95;95;89;89;86;89;92;92;92;97;98;99;93;99;97;95;98;99;99;99;99;99;99;97;99;99;98;97;99;98;97;99;96;99;97;94;98;
Syrian Arab Republic;SYR;Immunization, measles (% of children ages 12-23 months);SH.IMM.MEAS;;;;;;;;;;;;;;;;;;;;;13;14;22;19;23;27;64;37;52;86;87;84;84;86;86;85;85;84;87;86;84;80;84;83;82;81;81;81;81;82;82;80;61;58;54;53;62;67;63;65;59;59;41;
Turks and Caicos Islands;TCA;Immunization, measles (% of children ages 12-23 months);SH.IMM.MEAS;;;;;;;;;;;;;;;;;;;;;;;;;;;;;;;;;;;;;;;;;;;;;;;;;;;;;;;;;;;;;;;;
Chad;TCD;Immunization, measles (% of children ages 12-23 months);SH.IMM.MEAS;;;;;;;;;;;;;;;;;;;;;;;;;10;7;12;16;17;32;32;28;25;19;24;26;22;30;20;30;28;26;25;23;16;27;39;31;27;36;46;54;63;57;45;46;37;37;42;41;47;55;56;
East Asia & Pacific (IDA & IBRD countries);TEA;Immunization, measles (% of children ages 12-23 months);SH.IMM.MEAS;;;;;;;;;;;;;;;;;;;;;0.052884197;0.076022374;0.575397735;54.63097724;60.71263364;66.35093693;55.44657594;67.43856763;82.84315759;85.12820246;89.37872043;85.80552056;82.34509553;78.47617615;75.20261094;78.10395555;83.22992265;82.59628068;82.88550489;83.39546664;82.88566714;83.31317175;82.73660195;83.51918764;85.44083414;85.50456666;89.66438868;89.24828265;91.55317003;92.8526681;93.51166505;93.69069683;93.71683856;94.71966383;94.42166349;94.3256081;94.68298134;94.48058369;94.58868445;93.62424415;91.22654256;86.19898732;90.03600315;
Europe & Central Asia (IDA & IBRD countries);TEC;Immunization, measles (% of children ages 12-23 months);SH.IMM.MEAS;;;;;;;;;;;;;;;;;;;;;;;;;;;;;;;;;82.42134435;83.69180368;82.25886687;83.46717312;86.32725321;89.57259109;90.47495742;91.5658496;93.27887084;94.34159552;92.28402762;90.89439207;92.72072408;95.2535558;96.58017623;96.57508239;96.58605415;94.72060258;93.89178344;95.08483937;95.39569291;95.90322708;93.38856567;93.96984274;93.17641573;95.78510782;95.83721073;96.40733149;93.1871415;93.46158215;92.72941836;
Togo;TGO;Immunization, measles (% of children ages 12-23 months);SH.IMM.MEAS;;;;;;;;;;;;;;;;;;;;;;;;;11;27;43;74;62;78;73;69;64;60;57;53;48;43;40;57;58;40;48;68;70;70;78;71;63;66;68;72;72;72;77;75;73;77;71;75;69;70;71;
Thailand;THA;Immunization, measles (% of children ages 12-23 months);SH.IMM.MEAS;;;;;;;;;;;;;;;;;;;;;;;;;5;26;45;52;63;66;80;79;74;80;86;91;92;93;96;96;94;94;94;96;96;96;96;96;98;98;98;98;98;99;99;99;99;99;96;96;96;96;96;
Tajikistan;TJK;Immunization, measles (% of children ages 12-23 months);SH.IMM.MEAS;;;;;;;;;;;;;;;;;;;;;;;;;;;;;;;;;68;81;73;70;79;84;83;79;88;88;89;91;92;85;82;85;86;89;94;98;94;92;98;97;97;98;98;98;98;97;98;
Turkmenistan;TKM;Immunization, measles (% of children ages 12-23 months);SH.IMM.MEAS;;;;;;;;;;;;;;;;;;;;;;;;;;;;;;;;;76;84;90;92;98;99;99;97;96;98;88;97;97;99;99;99;99;99;99;99;99;99;99;99;99;99;99;99;98;97;98;
Latin America & the Caribbean (IDA & IBRD countries);TLA;Immunization, measles (% of children ages 12-23 months);SH.IMM.MEAS;;;;;;;;;;;;;;;;;;;;;41.96693184;48.76882896;48.49161941;47.00430968;51.49082785;59.67283466;60.91883646;59.75748728;65.34435742;68.86814802;75.61568946;80.04195961;82.38259974;81.86493072;82.24073148;86.00463121;83.92081549;88.54374176;90.78190581;92.10181971;93.5153789;94.6947385;93.47169762;93.90463114;92.97183792;92.6136748;94.36560615;94.03968184;94.90705773;94.53779904;93.4130275;94.50667311;95.20123422;91.78968368;92.72320064;93.06435205;92.48653349;86.17733344;91.1281695;86.05990072;82.82244899;81.65459453;81.06498978;
Timor-Leste;TLS;Immunization, measles (% of children ages 12-23 months);SH.IMM.MEAS;;;;;;;;;;;;;;;;;;;;;;;;;;;;;;;;;;;;;;;;;;;56;55;55;48;61;63;73;70;66;62;73;70;74;70;73;77;77;85;79;79;79;
Middle East & North Africa (IDA & IBRD countries);TMN;Immunization, measles (% of children ages 12-23 months);SH.IMM.MEAS;;;;;;;;;;;;;;;;;;;;;22.52815778;25.373197;31.1161284;29.20282444;33.5426821;58.89080717;62.18465245;64.69009329;77.29075898;79.56283598;82.45538576;81.24114476;83.43410151;83.73142699;83.19100229;84.1803847;86.55376188;85.87631432;90.17832073;89.99817555;89.92152546;89.0401105;87.64046978;87.351816;87.49159276;87.56511166;87.42086034;87.92815546;87.63919601;89.62379913;89.85127859;90.21834239;86.79581571;88.07858627;86.82293014;86.95956509;89.75288623;88.76572884;87.710334;87.80489888;85.86985867;86.03716886;86.97206544;
Tonga;TON;Immunization, measles (% of children ages 12-23 months);SH.IMM.MEAS;;;;;;;;;;;;;;;;;;;;;;9;44;67;43;81;37;88;81;84;86;90;87;87;86;94;95;97;96;97;95;93;90;99;99;99;99;99;99;99;99;99;95;99;99;99;98;99;99;99;99;99;99;
South Asia (IDA & IBRD);TSA;Immunization, measles (% of children ages 12-23 months);SH.IMM.MEAS;;;;;;;;;;;;;;;;;;;;;0.299519748;0.258817699;0.581767154;2.492954872;4.450597057;6.204582908;13.79309069;25.10286139;32.66384;44.23754266;55.95965467;46.82561411;52.89986887;59.1759843;65.67861784;68.5867274;63.88745875;56.543192;54.98057845;57.68931532;57.85224662;59.36650306;58.52644158;61.90395885;65.52375503;68.83738927;69.03694451;69.93573006;71.47295593;75.89216832;78.33624444;80.45785468;79.689315;80.64265889;82.80985521;85.07432309;85.75909126;87.51326288;90.19740711;91.61450722;87.80939593;87.36341813;91.72149195;
Sub-Saharan Africa (IDA & IBRD countries);TSS;Immunization, measles (% of children ages 12-23 months);SH.IMM.MEAS;;;;;;;;;;;;;;;;;;;;;6.250635948;12.06313858;13.93491745;20.85266904;25.87489541;32.56085771;39.4381379;43.7995425;48.56743099;55.13353984;56.6820665;53.40629828;50.24870989;51.07339823;54.42467112;54.03539233;53.70499073;53.29184349;51.5781572;49.81681779;52.28558859;52.46530559;53.66687186;56.20045728;58.26680156;60.09880646;62.74922556;64.63616787;67.13652159;71.28865993;71.49546881;70.08002494;70.13251155;69.06452064;68.96033617;68.15895839;68.3346181;69.89858576;70.14542058;71.04529718;69.98253592;68.27777438;68.64476686;
Trinidad and Tobago;TTO;Immunization, measles (% of children ages 12-23 months);SH.IMM.MEAS;;;;;;;;;;;;;;;;;;;;;;;;;10;32;42;68;72;59;70;93;83;87;86;84;88;88;90;88;90;91;87;88;95;93;89;91;91;94;92;92;85;91;96;89;86;93;90;99;91;93;92;
Tunisia;TUN;Immunization, measles (% of children ages 12-23 months);SH.IMM.MEAS;;;;;;;;;;;;;;;;;;;;;;;43;42;55;65;67;81;87;93;93;94;94;92;91;91;92;92;94;90;95;92;94;90;95;96;98;98;98;98;97;96;96;94;98;98;96;98;96;98;98;95;95;
Turkiye;TUR;Immunization, measles (% of children ages 12-23 months);SH.IMM.MEAS;;;;;;;;;;;;;;;;;;;;;27;52;64;63;62;61;64;67;82;71;78;73;78;72;76;65;72;79;81;82;87;91;83;75;81;91;98;96;97;97;97;98;96;98;94;97;98;96;96;97;95;96;95;
Tuvalu;TUV;Immunization, measles (% of children ages 12-23 months);SH.IMM.MEAS;;;;;;;;;;;;;;;;;;;;;;;;65;71;92;65;65;90;79;95;63;66;64;79;94;94;99;96;94;81;99;99;95;97;62;84;95;93;90;85;98;98;96;94;94;96;95;88;96;93;93;90;
Tanzania;TZA;Immunization, measles (% of children ages 12-23 months);SH.IMM.MEAS;;;;;;;;;;;;;;;;;;;;;46;51;50;60;55;66;97;78;83;79;80;79;81;77;79;78;78;73;72;72;78;86;89;97;94;91;93;90;88;91;92;93;97;99;97;95;83;90;88;88;84;77;86;
Uganda;UGA;Immunization, measles (% of children ages 12-23 months);SH.IMM.MEAS;;;;;;;;;;;;;;;;;;;;;;22;21;20;18;17;27;38;49;51;52;54;56;57;59;57;55;54;50;55;57;59;62;64;66;68;75;75;70;77;73;75;80;83;85;79;79;83;86;87;89;90;90;
Ukraine;UKR;Immunization, measles (% of children ages 12-23 months);SH.IMM.MEAS;;;;;;;;;;;;;;;;;;;;;;;;;;;;;;;;;90;94;96;97;92;97;96;99;99;99;99;99;99;96;98;97;94;75;56;67;79;79;56;56;42;86;91;93;85;88;74;
Upper middle income;UMC;Immunization, measles (% of children ages 12-23 months);SH.IMM.MEAS;;;;;;;;;;;;;;;;;;;;;12.40438357;15.18550238;15.45619189;56.97460068;61.84759578;70.01734416;60.21532976;68.98790131;81.97714148;83.20569609;87.24033061;85.47595067;83.71596946;80.69232508;77.81285965;81.35146546;84.40019544;85.45902362;85.64447734;86.51037797;86.69008444;87.09674218;86.01931599;86.06218679;86.6656588;86.99534998;91.05872044;90.92273006;92.67475286;93.40140393;93.33458615;94.17415607;94.47715173;94.37112968;94.03283618;94.36682119;94.40174068;93.29771101;94.67648348;92.94875867;90.13552142;89.26091851;90.47905876;
Uruguay;URY;Immunization, measles (% of children ages 12-23 months);SH.IMM.MEAS;;;;;;;;;;;;;;;;;;;;;50;55;52;65;66;59;82;88;72;82;97;96;93;90;90;90;89;92;96;99;89;94;95;95;95;95;94;96;95;94;95;95;96;96;96;96;95;96;97;96;95;93;96;
United States;USA;Immunization, measles (% of children ages 12-23 months);SH.IMM.MEAS;;;;;;;;;;;;;;;;;;;;;86;97;97;98;98;97;97;82;98;94;90;87;83;84;89;88;91;91;92;92;91;91;91;93;93;92;92;92;92;90;92;92;91;92;92;92;92;91;92;90;91;92;92;
Uzbekistan;UZB;Immunization, measles (% of children ages 12-23 months);SH.IMM.MEAS;;;;;;;;;;;;;;;;;;;;;;;;;;;;;;;;;84;82;71;91;95;96;95;96;99;99;97;99;98;99;98;98;98;95;98;99;99;97;99;99;99;99;96;98;99;99;99;
St. Vincent and the Grenadines;VCT;Immunization, measles (% of children ages 12-23 months);SH.IMM.MEAS;;;;;;;;;;;;;;;;;;;;;;;40;59;92;74;88;91;97;99;96;99;99;99;99;99;99;99;99;87;96;98;99;94;99;97;99;99;99;99;99;97;94;99;99;99;99;99;99;99;99;96;96;
Venezuela; RB;VEN;Immunization, measles (% of children ages 12-23 months);SH.IMM.MEAS;;;;;;;;;;;;;;;;;;;;;50;43;45;42;41;56;48;54;51;50;61;63;61;62;94;47;64;68;92;84;84;98;83;83;80;76;82;87;93;87;79;86;87;85;89;92;88;96;74;93;76;68;68
British Virgin Islands;VGB;Immunization, measles (% of children ages 12-23 months);SH.IMM.MEAS;;;;;;;;;;;;;;;;;;;;;;;;;;;;;;;;;;;;;;;;;;;;;;;;;;;;;;;;;;;;;;;;
Virgin Islands (U.S.);VIR;Immunization, measles (% of children ages 12-23 months);SH.IMM.MEAS;;;;;;;;;;;;;;;;;;;;;;;;;;;;;;;;;;;;;;;;;;;;;;;;;;;;;;;;;;;;;;;;
Viet Nam;VNM;Immunization, measles (% of children ages 12-23 months);SH.IMM.MEAS;;;;;;;;;;;;;;;;;;;;;;;1;3;4;19;39;36;56;76;88;88;90;93;96;95;96;96;96;94;97;98;96;93;97;95;93;83;92;97;98;96;96;98;97;97;99;97;97;95;97;89;88;
Vanuatu;VUT;Immunization, measles (% of children ages 12-23 months);SH.IMM.MEAS;;;;;;;;;;;;;;;;;;;;;;;20;23;18;26;22;34;46;50;66;63;66;74;53;60;61;65;64;62;61;59;58;56;55;53;52;56;61;65;70;75;79;84;90;76;84;80;75;80;78;50;70;
World;WLD;Immunization, measles (% of children ages 12-23 months);SH.IMM.MEAS;;;;;;;;;;;;;;;;;;;;;12.6535115;15.21063492;16.25887217;34.47692561;38.54241426;44.06394603;44.66283831;52.04711208;61.64844892;67.19400947;72.80234523;68.97485872;69.53111179;70.0800326;71.68504956;73.53644427;73.38511269;71.29732062;70.91411447;71.60741224;72.12334207;72.78019355;72.28141749;73.81921512;75.66896503;77.05191264;78.76237736;79.34062728;80.8986407;83.28802362;84.11150667;84.48922521;84.12081366;84.21591036;84.5425966;84.86217592;85.16173842;85.44582805;86.4700651;86.25732458;83.83568428;81.90748417;83.544241;
Samoa;WSM;Immunization, measles (% of children ages 12-23 months);SH.IMM.MEAS;;;;;;;;;;;;;;;;;;;;;;;59;78;83;81;91;78;75;82;89;77;90;92;94;96;96;99;99;91;93;92;99;62;25;57;54;63;44;45;56;59;76;92;85;75;75;67;40;96;66;62;82;
Kosovo;XKX;Immunization, measles (% of children ages 12-23 months);SH.IMM.MEAS;;;;;;;;;;;;;;;;;;;;;;;;;;;;;;;;;;;;;;;;;;;;;;;;;;;;;;;;;;;;;;;;
Yemen; Rep.;YEM;Immunization, measles (% of children ages 12-23 months);SH.IMM.MEAS;;;;;;;;;;;;;;;;;;;;;2;4;4;6;8;13;15;22;34;48;69;53;46;51;31;40;43;41;66;74;70;72;62;64;74;73;65;71;69;65;68;66;63;70;67;67;70;65;64;67;68;71;73
South Africa;ZAF;Immunization, measles (% of children ages 12-23 months);SH.IMM.MEAS;;;;;;;;;;;;;;;;;;;;;;;;74;70;70;64;75;68;84;79;85;85;85;76;76;76;82;79;75;72;69;65;62;63;64;69;68;73;77;72;77;79;78;84;86;84;81;81;83;84;87;86;
Zambia;ZMB;Immunization, measles (% of children ages 12-23 months);SH.IMM.MEAS;;;;;;;;;;;;;;;;;;;;;;;;56;57;58;58;80;80;80;90;80;85;91;96;86;86;86;86;85;85;84;84;84;85;85;85;93;87;90;96;83;82;80;85;90;97;96;94;93;96;90;90;
Zimbabwe;ZWE;Immunization, measles (% of children ages 12-23 months);SH.IMM.MEAS;;;;;;;;;;;;;;;;;;;;;;56;58;60;62;78;83;88;88;87;87;87;86;86;87;87;88;84;79;77;75;73;70;68;66;67;68;69;70;76;90;92;97;93;92;86;95;90;88;85;85;88;90;
